"Filename","Segment","WC","Analytic","Clout","Authentic","Tone","WPS","Sixltr","Dic","function","pronoun","ppron","i","we","you_total","you_sing","you_plur","you_formal","other","shehe","they","ipron","article","prep","auxverb","adverb","conj","negate","verb","adj","compare","interrog","number","quant","affect","posemo","negemo","anx","anger","sad","social","family","friend","female","male","cogproc","insight","cause","discrep","tentat","certain","differ","percept","see","hear","feel","bio","body","health","sexual","ingest","drives","affiliation","achiev","power","reward","risk","focuspast","focuspresent","focusfuture","relativ","motion","space","time","work","leisure","home","money","relig","death","informal","swear","netspeak","assent","nonflu","filler","AllPunc","Period","Comma","Colon","SemiC","QMark","Exclam","Dash","Quote","Apostro","Parenth","OtherP","SMOG.de","MSTTR","exp_relate","exp_body","exp_imperson","exp_affect","exp_space","exp_drives","exp_concerns","exp_transc","experiential","epistemic","literariness"
"falke_nebel_1899_de.txt",1,38459,52.73,76.54,5.8,70.69,9.87,21.49,83.15,55.25,18.05,12.03,1.84,0.29,0.81,0.35,0.46,0,8.39,8.23,3.96,4.96,10.48,10.55,7.74,4.68,12,1.9,15.15,7.11,1.85,1.53,0.68,2.69,6.61,4.36,2.26,0.43,0.54,0.87,16.45,0.43,0.29,0.26,2.83,13.86,1.77,1.98,2.73,2.72,3.32,3.98,3.88,1.37,1.4,0.81,3.83,1.61,0.61,0.49,0.47,5.69,1.14,2.67,1.6,0.38,0.37,7.02,3.33,0.64,18.42,2.6,11.09,5.88,1.12,1.68,0.44,0.45,0.72,0.18,1.66,0.09,0.11,0.42,0.05,0.05,24.98,8.24,9.01,0.18,0.19,1.05,0.9,0.61,3.47,0.24,0.08,1.01,6.53716093810565,0.799714285714286,3.81,3.18,5.64,6.2,17.27,6.16,3.69,0.9,41.21,25.77,57.5597142857143
"walser_schlacht_1908_de.txt",1,2427,90.64,68.94,24.38,26.84,23.56,26.78,76.72,49.32,11.29,5.03,0.16,0.04,0.16,0,0.16,0,3.54,3.54,1.94,5.77,11.45,11.45,6.84,4.33,11.99,1.03,13.14,7.95,2.39,1.61,1.32,2.43,7,3.71,3.26,0.49,1.57,0.91,9.72,0.33,0.12,0.21,1.07,11.91,1.19,2.02,1.65,3.21,2.02,3.34,3.63,1.65,1.07,0.62,3.01,1.9,0.33,0.41,0.54,4.94,0.25,2.6,1.9,0.25,0.33,7.99,1.73,0.29,19.65,2.06,11.74,6.84,0.41,1.03,0.12,0.16,0.74,0.82,1.65,0.21,0.25,0.25,0,0.04,20.23,4,11.78,0.49,1.24,0.21,0.21,0.41,0.41,0.04,0.12,1.32,7.71537672412351,0.809631811487482,1.73,3.18,7.09,6.68,17.14,5.33,1.72,1.56,37.34,21.22,71.6296318114875
"andreas_fenitschka_1898_de.txt",1,36415,32.24,68.29,36.7,45.01,15.6,23.09,84.28,57.25,19.21,13.7,4.23,0.55,1.64,1.15,0.49,0,6.82,6.68,3.58,4.53,8.47,11.42,7.33,6.37,12.74,2.13,14.51,7.63,2.35,1.79,0.52,3.2,6.36,3.75,2.61,0.63,0.49,0.97,16.19,0.75,0.28,0.6,1.72,16.52,2.51,2.02,2.55,3.89,3.83,4.81,3.28,1.32,1.19,0.62,3.36,1.4,0.58,0.47,0.26,5.96,1.74,2.54,1.4,0.35,0.42,6.28,3.61,0.54,18.49,2.08,11.06,6.58,1.15,0.79,0.42,0.33,0.43,0.14,1.94,0.04,0.08,0.59,0.1,0.05,19.43,4.74,10.41,0.39,0.17,0.85,0.87,0.02,1.88,0.1,0,0.01,6.78090174789344,0.795410447761194,3.35,2.71,5.05,5.84,16.27,6.45,2.69,0.57,37.88,31.31,59.5054104477612
"meyer_pescara_1887_de.txt",1,37499,71.41,78.13,7.4,37.47,14.27,27.15,78.72,53.52,17.76,13.02,3.11,0.43,2.39,1.41,0.98,0,6.5,6.46,2.13,4.03,12.07,9.64,6.88,2.81,11.64,1.69,13.93,5.48,1.76,1.36,0.55,1.45,6.26,3.55,2.67,0.49,0.84,0.93,16.03,0.53,0.21,0.22,2.6,11.78,1.88,1.65,1.82,1.94,2.73,3.9,2.63,0.91,1.18,0.41,3.23,1.63,0.44,0.34,0.17,6.43,1.24,2.29,2.62,0.49,0.37,4.94,4.3,0.63,15.02,2.13,9.17,4.7,1.47,0.64,0.16,0.59,1.23,0.35,0.69,0.04,0.06,0.08,0.05,0.01,23.17,5.57,9.83,0.66,0.07,0.79,1.01,0.73,4.43,0.08,0,0.01,5.18591986313139,0.789724950884086,3.56,2.58,4.58,5.81,13.8,7.01,2.86,1.58,37.2,19.87,65.4597249508841
"musil_haus_1908_de.txt",1,6278,37.88,83.08,5.57,29.7,25.94,20.2,85.78,59.68,20.25,13.2,0.49,0.02,1.15,0.05,1.1,0,10.42,10.31,7.01,6.37,9.94,11.79,6.85,5.26,14.26,1.7,13.97,9.22,4.03,3.12,0.16,3.3,4.87,2.72,2.15,0.51,0.43,0.72,18.09,0.21,0.13,0.21,1.27,15.72,2.09,3.03,2.2,3.79,3.31,4.44,4.83,1.8,1.35,1.53,3.93,2.21,0.92,0.72,0.24,6.15,0.72,4.16,1.05,0.16,0.22,8.49,1.35,0.54,20.44,2.87,12.58,6.4,0.32,0.59,0.72,0.13,0.4,0.27,0.61,0,0.03,0.08,0.02,0,16.47,4.71,9.88,0.18,0.96,0.19,0.13,0.02,0.41,0,0,0,5.55779909119075,0.799170068027211,1.82,4.09,6.53,4.38,20.13,6.31,1.76,0.67,39.16,29.12,63.4891700680272
"schnitzler_else_1924_de.txt",1,14857,4.16,43.4,38.98,59.63,7.06,16.58,87.48,60.04,20.85,14.66,7.51,0.46,1.08,0.78,0.3,0,5.23,5.01,2.61,5.08,7.34,8.25,12.79,5.45,11.85,3.5,18.91,6.28,1.86,2.58,1.19,2.88,5.9,3.77,2.1,0.46,0.55,0.85,15.58,1.44,0.26,0.85,2.86,17.26,2.02,2.27,3.92,3.72,4.98,5.38,2.69,1.22,0.88,0.4,4.25,1.32,0.37,0.6,0.3,6.16,1.38,2.19,2.3,0.32,0.39,1.91,9.15,1.5,15.12,1.9,8.5,5.88,0.91,1.14,0.57,0.66,1.24,0.45,3.67,0.18,0.44,1.23,0.23,0.04,25.63,11.81,7.84,0.09,0.07,2.58,0.81,0.06,1.59,0.79,0,0,6.02351748577734,0.782196721311475,5.41,2.59,6.27,5.63,12.9,6.58,3.28,1.69,38.08,34.12,51.2821967213115
"dery_liebe_1896_de.txt",1,3578,41.93,92.1,39.72,93.76,8.32,19.54,82.34,54.67,19.4,13.78,3.24,4.36,3.88,3.72,0.17,0,1.79,1.76,0.67,4.5,9.53,9.33,6.43,3.49,13.3,1.93,13.05,7.99,2.82,2.57,0.5,2.38,8.66,5.98,2.49,0.64,0.75,0.95,16.41,0.06,0.31,0.03,0.7,11.99,1.82,2.88,1.17,1.9,3.88,2.77,4.97,1.96,1.57,1.03,5.14,2.12,0.78,0.89,0.48,10.76,5.45,3.44,1.48,0.64,0.36,0.89,7.46,0.48,16.29,2.15,10.34,4.44,0.61,1.29,0.11,0.59,1.84,0.53,1.73,0.11,0.28,0.31,0.14,0,23.39,7.18,7.91,0.59,0,1.57,3.27,0,0.75,0.11,0,2.01,6.46946992283678,0.789615384615385,1.1,4.27,5,8.32,17.05,11.37,2.6,2.37,47.08,22.22,52.3496153846154
"schubin_etiquette_1887_de.txt",1,14012,89.16,79,11.36,29.47,18.86,26.56,78.1,51.41,15.19,10.55,1.33,0.19,1.45,0.98,0.47,0,6.7,6.56,3.15,4.03,12.43,11.57,6.67,3.79,10.11,1.53,12.48,7.55,1.9,1.41,0.54,2.13,7.27,3.93,3.36,0.5,0.7,1.43,15.17,0.41,0.28,0.66,1.77,12.06,1.56,1.6,1.83,2.31,2.88,3.75,2.62,0.85,0.99,0.59,4.15,1.81,0.73,0.72,0.14,6.18,1.15,2.33,2.58,0.42,0.34,2.88,4.77,0.6,18.51,1.83,11.39,6.49,1.08,0.71,0.28,0.42,1.11,0.5,1.38,0.06,0.1,0.26,0.22,0.01,19.47,4.49,10.06,0.26,0.31,0.47,1.18,0.23,1.57,0.9,0,0,5.67860918142335,0.781773648648649,3.12,3.4,4.57,6.56,15.65,6.82,2.49,1.61,39.65,21.38,65.9317736486486
"mann_zauberberg_1924_de.txt",1,267069,72.81,74.34,9.18,44.66,21.66,28.13,79.98,53.4,14.79,9.15,1.11,0.33,0.46,0.24,0.21,0,6.22,6.08,2.27,4.52,10.8,11.52,7.52,4.34,12.77,1.59,13.95,6.42,2.06,1.32,0.66,2.13,5.43,3.27,2.14,0.36,0.48,0.76,14.65,0.56,0.23,0.28,2.36,13.78,2.08,1.89,2.13,2.84,3.07,4.25,2.99,1.02,1.1,0.57,3.54,1.69,0.73,0.33,0.42,5.9,1.04,2.72,1.88,0.39,0.39,6.12,2.65,0.55,16.96,1.94,10.38,5.54,1.85,0.83,0.29,0.45,0.77,0.25,1.4,0.06,0.09,0.33,0.04,0.04,20.72,4.3,11.48,0.31,0.28,0.38,0.47,1.28,2.05,0.08,0.09,0.01,6.5600430070874,0.774673684210526,3.43,3.17,5.18,4.87,15.01,6.42,3.42,1.02,37.34,24.32,71.6146736842105
"hesse_knulp_1915_de.txt",1,25674,23.76,69.96,27.58,64.41,20.17,18.69,86.45,58.02,16.82,11.41,3.17,0.53,1.83,1.27,0.56,0,5.8,5.74,1.93,4.53,9.38,9.63,9.45,5.26,15.31,2.24,17.52,7.62,2.02,1.28,0.65,2.84,5.88,3.85,2,0.34,0.27,0.92,15.03,0.42,0.52,0.28,2.48,14.96,2.01,1.99,3.09,3.28,3.64,4.58,3.83,1.6,1.39,0.59,3.84,1.42,0.79,0.42,0.59,5.32,1.25,2.45,1.37,0.32,0.37,8.08,4.65,0.72,18.69,2.44,9.98,7.6,1.27,1.25,0.67,0.37,0.47,0.23,2.2,0.14,0.09,0.52,0.09,0.09,20.99,5.48,9.32,0.26,0.12,0.71,0.41,0.3,3.69,0.42,0,0.27,9.2294493689689,0.798905325443787,3.7,3.22,5.18,5.38,16,5.76,3.56,0.7,38.32,28.93,61.1689053254438
"sapper_kriegsbuchlein_1914_de.txt",1,25088,68.61,83.7,16.51,52.32,14.92,21.17,86.45,55.83,15.78,9.86,1.42,1.33,1.07,0.51,0.57,0,5.72,5.44,3.11,4.75,11.87,10.81,8.89,4.5,11.41,1.85,17.65,6.27,1.69,1.32,0.87,3.03,5.84,3.62,2.21,0.49,0.45,1.02,17.54,2.08,0.33,0.97,2.52,13.59,1.59,1.61,2.89,2.79,3.49,3.98,2.95,0.86,1.45,0.45,2.42,0.87,0.39,0.19,0.44,10.01,3.29,2.78,3.36,0.63,0.61,8.63,3.77,0.77,19.19,3.07,10.85,6.47,1.88,0.8,0.56,0.64,0.74,0.75,1.58,0.02,0.07,0.49,0.01,0.01,22.33,5.27,8.69,0.67,0.94,0.62,1.03,0.69,3.66,0.33,0,0.43,4.9024827978564,0.770819672131148,5.9,1.89,5.62,5.58,16.68,10.67,3.88,1.49,46.09,25.73,59.6808196721312
"sapper_pfaffling_1907_de.txt",1,64049,41.09,82.91,18.26,64.51,17.24,21.44,87.55,56.45,16.37,10.49,1.63,0.6,1.66,1,0.66,0,6.1,5.94,3.11,4.59,10.3,10.05,9.22,5.38,13.03,2.22,18.12,6.88,1.99,1.26,0.82,2.91,5.65,3.76,1.91,0.36,0.26,0.84,19.29,2.39,0.4,1.2,2.94,15.54,1.81,1.89,3.3,3.29,3.87,4.72,3.73,0.98,2.14,0.45,2.13,0.72,0.35,0.16,0.34,8.52,2.47,2.76,3.04,0.48,0.3,8.45,4.16,0.74,19.25,2.67,10.26,7.58,1.93,1.35,0.92,0.5,0.92,0.08,1.62,0.02,0.06,0.42,0.02,0.01,21.87,4.45,9.84,0.7,0.19,0.72,0.64,0.14,4.68,0.3,0,0.2,8.02375794768711,0.804413793103448,6.93,1.57,5.41,5.22,16.5,9.05,4.7,1,44.97,29.39,61.7744137931034
"bonsels_himmelsvolk_1915_de.txt",1,47533,69.79,78.61,15.16,67.68,26.3,20.2,85.26,56.5,17.41,11.63,2.02,0.39,1.52,0.87,0.65,0,7.22,7.01,3.16,4.75,12.2,10.86,7.54,3.7,12.25,1.62,14.99,7.89,2.61,1.63,0.98,2.27,7.54,4.76,2.79,0.6,0.6,1.1,16.35,0.24,0.18,0.17,1.87,13.71,2.41,1.84,2.32,2.81,3.25,4.21,4.58,2.1,1.55,0.72,3.65,1.73,0.52,0.45,0.3,6.04,1.08,2.92,1.95,0.52,0.29,6.69,3.53,0.67,18.29,2.06,10.81,6.35,0.84,1.02,0.21,0.45,0.87,0.4,1.43,0.04,0.09,0.11,0.09,0.01,18.8,3.93,11.03,0.29,0.15,0.43,0.27,0.03,2.35,0.17,0,0.15,8.02335402444115,0.790495049504951,2.46,3,5.73,7.06,17.24,6.76,2.52,1.27,40.31,24.43,66.200495049505
"strindberg_inselbauern_1918_sca.txt",1,48902,87.2,72.95,20.89,35.84,18.26,22.49,81.95,54.68,13.4,8.09,0.76,0.26,0.76,0.33,0.43,0,5.44,5.38,1.74,4.24,13.13,12.53,8.12,3.93,12.74,1.62,16.76,6.39,2.11,1.27,0.63,1.93,4.38,2.59,1.78,0.26,0.45,0.63,13.17,0.48,0.2,0.39,2.41,12.75,1.62,1.88,2.43,2.27,2.73,4.23,3.25,1.15,1.13,0.66,3.84,1.37,0.84,0.22,1.1,5.37,0.82,2.59,1.55,0.38,0.47,8.68,3.13,0.83,19.82,3.22,11.3,6.35,1.49,1.39,0.7,0.52,0.93,0.2,1.48,0.07,0.06,0.23,0.09,0.01,18.43,4.58,9.52,0.27,2.08,0.35,0.72,0.04,0.27,0.09,0.03,0.49,7.69329665284211,0.807021276595745,3.48,3.53,4.87,3.93,17.46,5.81,4.1,1.13,39.44,22.64,60.2170212765957
"lasswitz_planeten01_1897_de.txt",1,88310,81.78,75.25,25.45,54.18,15.24,25.86,80.66,54.65,15.66,10.18,1.28,1.27,0.35,0.14,0.21,0,6.05,5.77,3.19,4.27,12.43,11.55,7.62,4.57,10.53,1.72,15.41,5.57,1.86,1.37,0.93,2.21,4.64,3.05,1.57,0.28,0.27,0.68,14.33,0.17,0.22,0.09,1.42,14.23,2.24,1.9,2.68,2.81,3.09,4.33,2.9,1.28,1.01,0.45,2.26,1.04,0.3,0.2,0.26,6.99,1.92,2.94,1.75,0.49,0.55,6.86,2.84,0.74,19.92,2.91,12.24,6.12,1.97,0.59,0.31,0.32,0.26,0.08,1.27,0.01,0.17,0.22,0.04,0.03,15.53,5.73,7.94,0.15,0.19,0.55,0.3,0.06,0,0.07,0,0.52,6.20507672496956,0.785619658119658,1.9,1.8,5.2,4.28,17.89,7.65,3.19,0.34,37.05,25.55,57.6356196581197
"heiberg_grevinde_1898_de.txt",1,61179,62.69,77.81,15.47,54.71,17.19,25.83,82.1,55.25,18.19,13.08,2.71,0.46,1.36,0.61,0.75,0,7.96,7.69,5.09,4.52,9.86,11.58,6.94,4.5,11.34,1.62,14.28,5.91,2,1.26,0.39,2.14,5.99,3.72,2.22,0.37,0.54,0.86,17.38,0.86,0.27,0.54,1.59,14.78,2.5,1.91,2.66,2.46,3.12,4.4,2.78,0.9,1.09,0.51,2.62,1.13,0.51,0.37,0.23,6.51,1.55,2.68,2,0.57,0.36,5.91,3,0.83,18.4,2.41,10.54,6.31,1.85,0.63,0.41,0.66,0.52,0.14,1.28,0,0.04,0.26,0.08,0.02,21.51,4.31,10.13,0.33,0.09,0.56,1.13,2.12,2.23,0.31,0.01,0.3,3.12867600220028,0.765428571428571,3.26,2.24,4.91,5.49,15.45,7.16,3.55,0.66,37.81,25.31,65.5554285714286
"flaubert_schule_1870_fra.txt",1,139664,85.91,84.73,2.82,37.25,16.31,25.92,80.84,53.37,17.46,12.36,1.06,0.16,0.78,0.33,0.44,0,9.29,9.14,3.65,4.47,11.82,12.27,6.65,3.6,9.65,1.41,14.53,5.78,1.82,1.13,1.24,2.2,5.78,3.31,2.45,0.38,0.59,1.04,18.29,0.58,0.3,0.71,3.25,11.93,1.7,1.72,1.91,2.27,2.53,3.35,3.12,1.2,1.26,0.47,2.84,1.4,0.47,0.35,0.37,6.17,0.99,2.63,2.15,0.47,0.46,7.81,1.94,0.6,18.41,2.58,11.38,5.68,1.85,1.02,0.53,0.89,0.47,0.18,1,0.05,0.1,0.15,0.15,0.01,23.79,5.66,9.16,0.53,1.01,0.63,1.83,0.26,3.8,0.1,0.1,0.73,5.95270611327534,0.773255966001961,4.84,2.59,5.71,5.32,16.89,6.7,4.29,0.65,41.28,20.69,66.943255966002
"kafka_betrachtung_1912_de.txt",1,5870,46.81,58.2,64.67,22.06,21.35,20.8,86.93,58.93,18.42,12.08,4.53,1.33,0.75,0.37,0.37,0,4.72,4.48,3.24,5.54,10.58,11.74,8.38,5.03,12.71,2.4,16.2,7.16,2.27,1.47,0.63,2.66,5.49,2.84,2.61,0.41,0.55,1.09,12.93,0.34,0.29,0.24,0.51,15.11,1.94,2.37,3.03,3.19,3.46,4.68,3.39,1.33,1.24,0.7,4.26,2.44,0.55,0.32,0.22,6.9,1.86,3.15,1.57,0.51,0.43,4.46,5.5,0.99,20.51,3.13,12.28,6.56,0.99,1.26,0.94,0.34,0.51,0.05,0.99,0,0.03,0.31,0.02,0.02,19.85,4.51,10.22,0.17,0.34,0.94,0.51,0.1,2.79,0.02,0,0.24,5.53854330764263,0.779663582842725,1.38,3.53,6.17,4.89,18.68,7.52,3.53,0.56,40.09,28.76,63.0896635828427
"walser_geschwister_1907_de.txt",1,87353,38.81,68.35,31.14,77.89,18.99,21,87.29,58.09,18.94,11.93,3.68,0.36,1.1,0.85,0.25,0,6.13,5.91,2.53,6.05,10.09,11.04,8.7,5.05,13.02,1.8,16.17,8.02,2.34,1.69,0.44,2.93,7.29,4.85,2.44,0.38,0.55,1.01,15.63,0.89,0.26,0.59,2.24,16.03,2.41,2.11,3.16,4.01,3.49,4.52,3.78,1.5,1.07,0.75,3.7,1.52,0.67,0.43,0.39,6.5,1.39,3.05,1.8,0.44,0.35,5.21,4.55,0.94,18.55,2.09,11.29,6.28,1.66,1.02,0.52,0.67,0.52,0.14,1.22,0.08,0.06,0.17,0.02,0,19.81,4.82,11.96,0.38,0.32,0.43,0.37,0.38,1.02,0.02,0.01,0.11,5.19995383180027,0.761,3.98,3.01,6.49,6.79,16.7,7.03,3.87,0.66,42.04,29.48,60.731
"musil_mann2_1930_de.txt",1,154272,44.25,76.99,11.99,42.94,26.93,25.52,85.61,57.81,17.82,10.92,1.3,0.43,1.16,0.69,0.47,0,7.13,7.01,3.25,5.64,10.82,10.88,8.72,5.53,12.75,2.06,16.4,7.12,2.47,1.65,0.57,2.73,5.75,3.37,2.3,0.4,0.55,0.82,17.31,0.78,0.33,0.37,2.17,17.64,3.25,2.22,2.93,3.7,3.71,5.33,2.93,0.94,1.16,0.6,3.11,1.17,0.67,0.37,0.19,6.67,1.45,3.12,1.81,0.4,0.44,6.76,4.17,0.7,16.97,1.94,9.9,6.25,1.84,0.58,0.31,0.39,0.65,0.26,1.43,0.04,0.02,0.31,0.03,0.05,19.15,3.57,9.29,0.75,0.56,0.49,0.98,0.15,3.32,0.02,0.02,0,6.52280489958366,0.763335793357934,3.65,2.4,6.21,5.14,14.54,7.22,3.12,0.91,36.98,31.46,72.6733357933579
"wassermann_vierzig_1913_de.txt",1,42053,70.97,81.57,3.68,19.84,19.72,24.41,82.79,55.19,17.92,12.71,1.53,0.2,1.14,0.52,0.62,0,9.17,9.06,3.92,4.41,11.2,11.71,7.96,3.4,11.1,1.71,15.67,5.53,1.92,1.31,0.64,1.9,6.04,3.07,2.94,0.61,0.62,1.08,17.7,0.71,0.23,0.44,2.94,12.43,2,1.6,2.01,2.21,2.93,3.85,3.26,1.32,1.13,0.57,3.46,1.9,0.59,0.47,0.33,5.93,1.11,2.64,1.8,0.48,0.45,7.93,2.74,0.64,17.72,2.53,10.41,5.84,1.52,0.96,0.68,0.55,0.58,0.33,0.9,0.05,0.05,0.14,0.02,0.01,18.37,5.14,9.59,0.19,0.83,0.36,0.08,0.24,1.52,0.1,0,0.31,6.26715577823801,0.771735015772871,4.32,3.29,5.05,5.38,15.96,6.48,3.71,0.91,40.05,21.61,63.4117350157729
"flaubert_leidenschaft_1839_fra.txt",1,12657,65.99,86.78,2.69,54.95,25.42,20.79,84.63,57.85,19.79,14.21,1.52,0.11,1.69,0.43,1.26,0,10.37,10.26,7.36,4.68,11.01,12.55,5.97,4.16,12.96,1.08,11.62,6.98,2.73,1.76,0.51,3.37,7.4,4.44,2.94,0.43,0.68,1.41,18.53,0.83,0.23,0.46,1.52,11.94,1.39,2,1.59,2.32,2.68,3.32,3.14,1.16,0.92,0.85,4.54,2.5,0.69,1.25,0.24,5.76,1.46,2.8,1.25,0.43,0.26,5.69,2.16,0.52,18.98,2.09,11.5,6.45,0.96,0.99,0.27,0.61,0.7,0.46,1.45,0.06,0.11,0.2,0.24,0.02,19.06,4.46,11.26,0.43,0.58,0.43,0.87,0.07,0.92,0.02,0.02,0,7.11631973893737,0.768789531079607,3.04,4.68,5.19,6.96,16.52,6.2,2.83,1.16,41.39,21.91,66.2387895310796
"kafka_prozess_1925_de.txt",1,71750,42.87,69.06,19.44,35.7,15.62,22.68,88.02,58.21,17.07,11.13,2.23,0.19,0.61,0.4,0.21,0,7.04,6.75,2.66,5.07,10.49,10.79,9.47,6.45,11.49,2.28,18.12,6.73,2.13,1.2,0.57,2.88,4.92,2.85,2.04,0.36,0.36,0.82,17.23,0.56,0.24,0.31,2.91,18.36,2.44,2.14,3.69,3.86,4.07,5.78,3.59,1.16,1.99,0.31,2.56,1.04,0.43,0.14,0.15,6.62,0.91,3.14,2.26,0.48,0.45,7.91,4.24,0.86,18.36,2.27,10.67,6.69,2.53,0.44,0.84,0.46,0.43,0.03,2.78,0.01,1.59,1.95,0.04,0.01,19.95,6.14,10.55,0.29,0.13,0.53,0.11,0.07,2.1,0.02,0.01,0,5.81394094673986,0.754508950169328,4.02,1.76,5.64,4.39,16.4,7.24,4.27,0.46,38.54,33.59,60.9545089501693
"dickens_zweist_1859_en.txt",1,135758,71.33,74.07,19.46,37,16.65,23.2,82.62,54.65,16.95,11.4,2.38,0.31,0.84,0.26,0.59,0,7.32,7.12,3.2,4.9,10.52,12.07,7.7,3.68,11.71,1.63,15.34,7.08,2.31,1.7,0.91,2.43,5.68,3.24,2.38,0.45,0.48,1.01,15.85,0.84,0.25,0.48,2.49,13.51,1.97,1.64,2.23,2.97,2.9,4.21,3.52,1.32,1.43,0.56,3.43,1.7,0.59,0.33,0.33,6.5,1.35,2.86,1.89,0.54,0.53,6.84,3.1,0.69,19.16,2.56,11.44,6.51,1.54,0.77,0.37,0.56,0.59,0.29,1.01,0.04,0.08,0.17,0.06,0.02,20,5.18,8.54,0.2,0.71,0.68,0.69,1.25,2.11,0.21,0.17,0.25,6.25059326088897,0.782325581395349,4.06,2.95,5.81,5.18,17.31,7.17,3.24,0.88,40.79,23.66,60.8023255813953
"eschstruth_katz_1886_de.txt",1,34807,89.18,77.81,7.84,48.35,19.81,22.22,72.38,46.34,13.16,9.37,2.43,0.2,1.95,0.85,1.09,0,4.73,4.71,2.28,2.84,9.7,10.45,4.64,3.47,11.03,1.13,11.22,6.74,1.63,1.52,0.52,1.3,7.1,4.15,2.88,0.58,0.7,1.11,12.37,0.38,0.2,0.32,1.7,9.05,1.13,1.79,1.22,1.43,2.21,2.05,4.12,1.57,1.46,0.79,4.02,2.2,0.58,0.61,0.46,5.43,0.96,2.25,1.7,0.51,0.5,2.5,5.16,0.52,16.09,2.73,9.64,4.66,0.93,0.99,0.13,0.48,1.54,0.28,1.76,0.11,0.31,0.2,0.17,0.06,25.05,2.62,12.95,0.88,0.59,0.75,2.13,0.03,1.66,3.33,0.07,0.04,6.2731157639939,0.817994186046512,2.6,3.85,3.36,6.54,16.19,5.92,2.53,1.82,39.45,15.73,68.0979941860465
"meyer_monchs_1884_de.txt",1,27577,85.46,81.59,6.26,19.31,14.44,27.41,78.78,51.97,16.59,11.44,1.98,0.31,2.24,1.69,0.55,0,5.92,5.89,1.83,4.32,13.44,9.86,6.28,2.71,11.15,1.41,13.19,5.95,1.9,1.6,0.74,1.38,6.04,3.07,2.97,0.51,0.87,1.02,16.13,0.95,0.33,0.49,2.56,10.47,1.55,1.41,1.53,1.88,2.18,3.79,2.76,0.92,1.08,0.59,3.25,1.79,0.51,0.34,0.28,6.1,1.42,2.27,2.14,0.29,0.35,5.52,3.59,0.57,15.33,2.47,9.16,4.66,1.35,0.65,0.28,0.58,2,0.37,0.77,0.11,0.05,0.05,0.04,0.02,22.7,4.88,9.32,0.51,0.11,0.83,1.32,1.38,0.88,3.46,0,0,5.56380868788852,0.799693251533742,4.33,2.92,5.06,5.47,14.22,6.47,2.86,2.37,38.64,17.84,65.3996932515337
"goethe_meisterlehr_1796_de.txt",1,194446,52.37,76.58,16.92,76.34,22.91,24.63,85.05,56.17,18.86,12.99,3.12,0.74,0.86,0.39,0.46,0,7.37,7.2,3.09,5.01,9.9,11.07,8.08,4.12,11.62,1.71,16.07,6.79,2.23,1.48,0.5,2.81,7.43,4.89,2.55,0.48,0.44,1.02,17.49,0.63,0.65,0.38,2.39,15.24,2.79,1.78,2.53,3.15,3.39,4.14,2.97,1.08,1.17,0.4,2.73,1.06,0.66,0.36,0.18,7.17,1.86,3.11,1.79,0.71,0.46,6.91,3.08,0.88,17.61,2.19,10.53,5.87,1.97,1.06,0.38,0.63,0.57,0.21,1.24,0.02,0.04,0.16,0.03,0,18.5,3.64,10.37,0.28,0.95,0.3,0.47,0.2,2.21,0.07,0.01,0.02,3.99602024070128,0.766736292428198,4.05,2.26,5.51,6.83,15.37,7.93,4.04,0.78,41.26,26.42,66.9667362924282
"dickens_weihnachts_1843_en.txt",1,27045,57.6,77.34,10.61,65.93,19.3,21.31,84.78,54.76,17.18,11.1,2.01,0.31,0.84,0.52,0.32,0,7.24,7.08,2.24,5.26,10.84,10.34,8.22,3.86,12.39,1.8,16.53,7.72,2.5,2.07,0.89,2.72,6.23,4.06,2.15,0.46,0.39,0.87,17.21,0.84,0.26,0.32,2.65,13.95,1.92,1.9,2.86,3.13,3.14,4.23,4.5,1.48,1.96,0.78,3.69,1.77,0.7,0.31,0.48,6.12,1.24,3,1.66,0.53,0.27,7.86,3.38,0.56,18.34,2.26,10.77,6.37,1.19,0.93,0.65,0.75,1.57,0.95,1.36,0.07,0.13,0.14,0.04,0.01,24.23,5.48,10.75,0.17,0.75,0.61,0.79,0.37,4.88,0.25,0.08,0.09,5.51093371030806,0.797441253263708,4.07,3.26,6.15,5.78,17.25,6.7,3.52,2.52,43.1,25.56,65.7774412532637
"flaubert_legende_1877_fra.txt",1,9222,96,85.1,2.83,13.39,18.56,23.18,79.19,53.31,17.12,12.74,0.17,0.02,0.35,0.12,0.23,0,10.57,10.46,2.82,3.85,13.91,13.28,5.12,2.59,10.3,0.91,12.17,5.26,1.62,0.9,0.5,1.83,4.67,2.22,2.46,0.48,0.73,0.87,16.28,0.83,0.07,0.36,3.75,8.91,1.21,1.45,1.04,2.01,1.67,2.7,2.93,1.21,0.83,0.65,3.77,2.6,0.64,0.35,0.37,5.15,0.82,2.16,1.9,0.28,0.36,7.73,0.61,0.4,20.9,3.13,13.09,5.99,0.99,1.1,0.49,0.4,0.93,0.51,0.38,0.02,0.07,0.01,0.04,0,17.77,5.27,9.5,0.18,1.7,0.04,0.48,0.02,0.52,0,0.02,0.03,6.33637961601553,0.796326530612245,5.01,3.96,4.35,4.3,18.91,5.52,2.98,1.44,42.12,15.41,60.3163265306122
"holz_hamlet_1889_de.txt",1,23404,69.71,75.85,25.8,27.94,7.64,23.52,77.03,50.32,14.25,9.78,1.1,0.11,1.18,0.79,0.38,0,6.38,6.33,1.98,3.21,10.65,9.29,7.8,6.47,9.33,1.58,13.27,8.32,1.36,1.06,0.62,2.33,5.67,3.08,2.58,0.45,0.62,1.06,13.16,0.49,0.18,0.32,2.1,10.69,1.18,1.18,1.69,2.06,2.72,3.17,2.79,1.01,0.67,0.77,3.98,2.17,1.19,0.26,0.82,6.17,0.58,2.23,3.16,0.21,0.31,7.85,3.53,0.46,21.94,1.76,12.77,8.29,0.92,0.82,0.54,0.46,0.78,0.18,3.61,0.19,0.53,0.61,0.49,0.27,31.69,12.07,7.94,0.19,0.1,1.21,6.7,0.21,2.37,0.88,0,0.02,6.77219791789262,0.780978260869565,3.09,4.44,3.83,5.21,16.98,6.49,2.74,0.96,39.91,22.38,64.2409782608696
"schnitzler_tanzerin_1905_de.txt",1,33123,55.1,74.68,34.9,33.52,16.1,19.81,86.23,56.97,17.66,12.26,2.86,0.49,0.91,0.4,0.51,0,7.44,7.26,3.4,4.63,10.5,11.22,8.47,5.07,11.5,1.86,17.28,7.03,2.22,1.68,0.76,2.37,4.83,2.74,2.02,0.43,0.38,0.78,16.89,0.89,0.3,0.41,2.98,14.52,2.36,1.79,2.35,3.06,3.48,4.26,4.09,1.53,1.91,0.51,3.15,1.39,0.48,0.27,0.23,5.8,1.25,2.6,1.54,0.44,0.49,8.33,3.98,0.84,20.72,2.83,11.49,7.84,1.33,1.44,0.42,0.55,0.63,0.21,1.99,0.03,0.14,0.6,0.05,0.03,26.11,8.81,8.77,0.53,0.75,0.89,0.65,1.83,3.19,0.61,0.01,0.08,7.72658860606884,0.756349206349206,4.58,2.37,5.39,4.33,18.27,6.32,3.74,0.84,40.45,26.6,63.3763492063492
"heiberg_frau_1886_de.txt",1,59151,59.18,77.29,12.8,38.59,14.37,24.31,82.6,53.56,17.49,12.2,2.46,0.3,0.91,0.36,0.56,0,7.8,7.5,4.76,4.61,9.44,10.65,6.82,4.45,11.51,1.75,14.75,6.51,2.07,1.5,0.45,2.31,6.81,3.83,2.91,0.8,0.57,1.09,17.41,1.3,0.29,0.77,1.88,14.22,2.2,1.75,2.48,2.67,3.24,4.1,3.2,1.14,1.27,0.57,2.86,1.52,0.5,0.37,0.17,6.96,1.2,2.67,2.7,0.6,0.44,6.89,2.81,0.79,18.32,2.49,10.07,6.98,1.65,0.63,0.56,0.82,0.57,0.24,1.7,0.02,0.09,0.37,0.12,0.01,22.96,5.05,9.36,0.35,0.32,0.84,1.26,2.17,3.08,0.21,0.01,0.32,5.84300572825898,0.772203947368421,4.24,2.56,5.06,6.29,15.54,7.61,3.66,0.81,40.71,24.95,62.7822039473684
"schnitzler_traumnovelle_1926_de.txt",1,22394,60.06,79.13,22.18,27.95,15.73,24.81,84.1,55.51,17.88,12.48,1.78,0.25,1.33,0.88,0.44,0,8.03,7.93,2.66,4.89,9.93,11.95,7.35,5.3,11.44,1.64,15.32,7.2,2.48,1.65,0.79,2.1,5.03,2.74,2.24,0.38,0.39,1.01,17.09,0.5,0.22,0.47,3.34,14.93,2.22,1.78,2.34,3.46,3.25,4.4,3.37,1.35,1.19,0.62,2.89,1.77,0.5,0.3,0.22,5.43,0.9,2.69,1.38,0.38,0.53,8.5,2.25,0.73,20.68,2.62,11.45,7.87,1.41,0.84,0.68,0.42,0.67,0.26,1.48,0.02,0.05,0.33,0.09,0.03,20.24,5.55,10.63,0.39,0.44,1.03,0.2,0.09,1.71,0.19,0.01,0,6.07641804129155,0.797395209580838,4.53,2.79,5.68,4.52,17.23,5.88,3.35,0.93,39.23,26.49,61.9073952095808
"stifter_studienhaidedorf_1840_de.txt",1,9965,67.55,76.02,11.45,74.8,38.93,20.86,80.24,54.4,14.15,8.96,0.76,0.16,0.73,0.27,0.46,0,6.78,6.57,2.17,4.16,11.54,10.01,6.54,3.94,15.6,1.31,13.34,7.84,2.74,1.45,1.67,2.39,5.5,3.87,1.61,0.36,0.19,0.82,14.92,1.12,0.37,0.38,3.39,12.69,1.19,1.77,2.2,2.75,2.96,4.64,3.39,1.37,0.95,0.81,2.84,1.4,0.51,0.41,0.33,5.44,1.57,2.61,1.22,0.25,0.12,7.92,1.63,0.69,18.96,2.48,10.81,6.75,0.97,0.65,0.52,0.41,1.28,0.17,1.21,0.05,0.1,0.18,0.02,0,21.95,2.58,11.98,0.27,0.88,0.1,0.07,3.18,0.74,0.09,0,2.05,6.48528137423857,0.78859649122807,5.26,2.65,5.83,5.24,16.42,5.77,2.55,1.45,39.34,23.15,82.7085964912281
"hamsun_sklaven_1922_sca.txt",1,27120,69.51,76.04,28.25,33.93,15.24,19.86,86.03,56.01,17.85,12.77,3.31,0.43,0.7,0.47,0.23,0,7.57,7.42,2.42,4.13,11.11,11.6,7.76,4.23,10.9,1.51,16.68,6.21,1.56,1.02,0.83,2.76,5.42,3.03,2.29,0.34,0.56,0.91,16.71,0.71,0.37,0.41,3.9,12.33,1.85,1.59,1.96,2.57,2.68,3.3,3.57,1.38,1.56,0.39,3.58,1.48,0.64,0.31,0.8,6.12,1.29,2.3,2.18,0.47,0.4,7.75,4.57,0.62,20.62,2.89,12.18,6.66,1.39,1.55,0.32,1.04,0.88,0.29,1.09,0.07,0.04,0.25,0.04,0.01,21.72,6.23,8.24,0.41,0.26,0.71,1.03,1.04,3.41,0.03,0,0.35,6.01022855008943,0.803326118326118,5.39,3.23,4.96,4.84,18.4,6.64,4.3,1.17,43.97,22.45,57.8733261183261
"flaubert_herodias_1877_fra.txt",1,9883,97.34,86.58,1.47,15.09,15.64,26.99,76.87,52.66,15.92,11.64,0.53,0.03,1.12,0.71,0.41,0,8.81,8.66,3.45,3.84,14.23,12.42,6.04,2.45,8.56,0.91,13.08,4.57,1.68,1.23,0.63,1.63,4.79,2.32,2.45,0.38,0.93,0.83,16.05,0.72,0.12,0.23,2.59,9.13,1.34,1.57,1.35,1.85,1.83,2.32,2.98,1.24,1.08,0.46,3.43,2.41,0.4,0.26,0.37,5.45,0.56,2.77,1.75,0.3,0.41,7.66,1.64,0.54,17.96,2.48,12.09,4.56,0.87,0.7,0.33,0.45,1.07,0.36,0.62,0.02,0.07,0.01,0.04,0.01,21.74,5.79,9.93,0.54,1.44,0.3,1.48,0.06,2.19,0.03,0,0,5.81910070824362,0.773221757322176,3.66,3.44,4.47,4.46,17.35,5.79,2.35,1.43,38.48,15.25,65.1532217573222
"meissner_prinzessin_1882_de.txt",1,29890,77.83,75.55,35.08,45.64,17.24,25.5,81.25,54.24,15.96,11.12,3.1,0.52,1.92,0.46,1.46,0,5.31,5.25,1.81,4.03,11.53,11.78,8.24,3.89,10.91,1.64,15.92,6.9,2.08,1.25,0.43,2.59,6.16,3.66,2.49,0.52,0.59,1.08,14.9,0.62,0.19,0.75,2.15,13.02,1.79,1.72,2.51,2.46,3.19,3.67,2.73,0.9,1.2,0.53,2.49,1.16,0.32,0.39,0.13,6.42,1.36,2.56,2.18,0.64,0.56,6.81,3.94,0.86,19.81,2.87,11.97,6.58,1.21,0.6,0.19,0.42,1.02,0.35,0.72,0.04,0.04,0.11,0.03,0,18.9,4.32,10.05,0.26,0.35,0.56,1.07,0.09,1.99,0.2,0,0,5.17627123081901,0.774027237354086,3.71,2,4.46,5.85,17.47,7.3,2.42,1.37,40.12,23.46,62.5240272373541
"goethe_meisterwander_1829_de.txt",1,147391,62.93,73.58,38.94,87.11,25.85,27.5,83.67,54.7,17.06,10.72,2.51,0.98,0.68,0.28,0.4,0,5.29,5.15,2.47,5.44,9.98,11.3,7.07,4.51,12.18,1.54,14.74,7.31,2.46,1.73,0.52,2.6,6.93,4.91,1.99,0.39,0.33,0.74,15.22,0.76,0.51,0.32,1.84,16.03,2.85,1.92,2.52,3.13,3.61,4.42,2.69,1.1,0.89,0.43,2.47,0.78,0.53,0.31,0.18,7.43,2.06,3.12,1.79,0.76,0.49,5.22,3.63,0.88,18.98,2.33,11.32,6.31,2.3,0.86,0.42,0.62,0.58,0.17,1.27,0.02,0.02,0.16,0.01,0,18.76,3.54,10.95,0.4,1.08,0.21,0.24,0.54,1.53,0.23,0.02,0.01,6.67920914189025,0.784194444444444,3.43,1.8,5.96,6.37,16.07,8.22,4.2,0.75,40.84,27.1,73.0541944444444
"sturza_geluebde_1905_de.txt",1,45570,36.09,80.06,7.94,66.28,12.99,22.22,85.5,56.78,20.84,15.55,3.43,0.37,2.16,1.43,0.73,0,8.95,8.76,5.76,4.19,9.17,10.57,8.65,4.22,10.88,2.15,16.2,7.28,1.86,1.47,0.36,2.22,8.61,5.26,3.35,0.61,0.73,1.56,19.7,1.05,0.22,0.94,1.83,15.04,2.49,2,3.09,3.25,3.41,4.56,3.26,1.2,1.27,0.58,3.98,1.76,0.72,0.68,0.19,7.07,1.49,2.98,2.24,0.61,0.53,5.28,4.23,1,17.18,2.52,10,5.88,1.41,0.78,0.34,0.5,0.7,0.22,1.69,0.07,0.2,0.39,0.22,0.02,22.75,6.26,10.11,0.47,0.27,1.06,1.59,0.04,2.74,0.21,0,0,5.53299561375808,0.781496,4.04,3.35,4.55,8.16,15.57,7.85,3.03,0.92,42.92,27.39,59.131496
"musil_mann1_1930_de.txt",1,269686,60.25,75.24,10.83,56.49,28.68,27.05,84.61,56.63,16.64,9.49,0.73,0.29,0.65,0.3,0.35,0,6.8,6.65,2.84,5.96,11.54,11.09,8.16,4.97,12.73,1.82,15.3,7.6,2.66,1.75,0.62,2.84,5.96,3.75,2.19,0.39,0.57,0.71,15.97,0.56,0.23,0.24,2.16,17.69,3.09,2.34,2.94,3.71,3.66,5.17,2.63,0.85,0.91,0.66,3,1.22,0.62,0.36,0.26,7.11,1.17,3.46,2.17,0.5,0.47,6.36,3.55,0.66,17.23,1.97,10.44,5.88,2.2,0.7,0.28,0.57,0.68,0.21,1.16,0.04,0.03,0.2,0.02,0.03,17.05,3.3,9.96,0.28,0.86,0.32,0.5,0.14,1.66,0.01,0.03,0,6.23479900026389,0.794350961538462,3.19,2.46,6.58,5.42,14.83,7.77,3.75,0.89,38.31,30.54,73.7743509615385
"flaubert_bovary_1857_fra.txt",1,115492,86.35,83.71,5.3,35.14,14.24,24,80.77,53.55,16.74,11.9,0.99,0.2,1.09,0.39,0.7,0,8.86,8.74,4.58,3.92,11.85,12.27,6.3,3.88,10.39,1.3,13.74,6.35,1.92,1.3,1.11,2.35,5.3,3.03,2.25,0.35,0.41,1.04,16.9,0.79,0.29,0.58,2.52,11.93,1.58,1.71,1.97,2.28,2.74,3.38,3.05,1.08,1.06,0.62,3.53,1.75,0.77,0.43,0.47,5.56,0.91,2.53,1.85,0.35,0.34,7.55,1.98,0.6,19.61,2.61,11.85,6.38,1.55,1.06,0.64,0.72,0.73,0.22,1.14,0.05,0.08,0.21,0.12,0.05,20.62,6.82,7.81,0.37,0.19,0.48,1.49,0.09,2.61,0.01,0.05,0.71,8.76343035364499,0.810526932084309,4.18,3.42,5.03,4.83,17.22,5.98,3.97,0.95,40.55,21.19,59.8805269320843
"hoffmann_topf_1819_de.txt",1,29223,85.77,76.35,18.09,54.7,30.54,27.73,78.83,52.57,14.37,10.06,2.23,0.23,1.42,1.09,0.33,0,5.51,5.35,2.12,3.45,12.21,10.62,5.73,4.05,12.29,1.11,12.41,6.96,2.21,1.49,0.52,1.94,6.63,4.08,2.59,0.43,0.53,0.99,14.06,0.57,0.3,0.41,2.25,12.14,1.96,1.79,2.07,2.39,2.68,3.42,3.42,1.26,1.27,0.6,3.36,1.44,0.72,0.51,0.51,6.08,1.19,2.52,2.23,0.48,0.35,5.55,2.99,0.66,17.95,2.41,10.57,5.92,1.6,0.83,0.57,0.37,0.82,0.2,2.11,0.08,0.12,0.35,0.2,0.01,21.67,2.55,9.86,0.61,0.56,0.44,1.01,4.24,1.96,0.16,0.04,0.25,8.43888535533727,0.787018537590113,3.53,3.18,3.97,6.03,16.11,6.77,3.37,1.02,40.01,21.41,81.0770185375901
"spyri_heidibrauchen_1881_de.txt",1,37321,44.24,76.86,35.34,86.51,23.89,16.39,85.2,57.85,15.39,8.5,1.2,0.36,1.19,0.96,0.24,0,5.34,5.26,1.9,4.95,11.71,10.04,8.87,5.44,15.62,1.61,16.76,7.46,2,1.52,0.45,3.25,5.55,4.21,1.32,0.32,0.27,0.52,14.58,0.71,0.23,0.18,2.54,14.63,1.63,1.93,3.07,2.74,4.1,4.1,3.38,1.32,1.33,0.48,2.49,1.03,0.45,0.21,0.43,6.12,1.29,2.78,1.85,0.37,0.24,8.51,3.82,0.67,22.04,2.98,11.83,8.67,1.11,0.8,0.43,0.29,0.7,0.04,2.09,0.01,0.07,0.39,0.12,0.01,18.1,4.18,9.14,0.44,0.36,0.39,0.55,0.06,2.73,0.23,0,0.02,9.80467588445164,0.805495923913043,3.66,2.12,5.4,5.32,17.94,6.53,2.63,0.74,38.94,27.87,59.575495923913
"falke_durchschnitt_1892_de.txt",1,32652,76.44,83,3.63,53.75,12.7,25.49,80.34,51.83,15.8,10.79,0.71,0.11,1.06,0.26,0.8,0,8.24,8.16,4.89,4.18,10.73,11.43,7.38,4.07,10.98,1.66,14.57,7.11,2.06,1.18,0.68,2.18,6.84,4.13,2.67,0.5,0.58,0.99,17.63,1.39,0.39,1.34,2.09,13.08,1.88,1.53,2.37,2.73,2.85,3.95,2.92,1.04,0.94,0.62,2.71,1.3,0.7,0.35,0.43,6.54,1.35,2.64,2.04,0.56,0.51,8.35,1.43,0.48,17.98,2.3,10.25,6.6,1.49,1.11,0.46,0.62,0.47,0.21,1.61,0.05,0.17,0.28,0.04,0.13,21.62,7.16,9.25,0.1,0.01,0.6,0.13,0.1,4.02,0.26,0,0,8.56821852529337,0.793645569620253,5.21,2.78,4.86,6.2,15.15,7.1,3.68,0.68,40.8,23.22,60.8836455696202
"fontane_wuthenow_1883_de.txt",1,41761,62.49,71.92,28.56,65.85,15.85,23.62,81.26,55.04,15.56,9.51,2.21,0.61,0.73,0.43,0.3,0,5.24,5.05,2.35,4.97,10.68,11.16,7.42,4.89,13.6,1.57,14.26,6.49,2.48,1.53,0.76,2.59,5.6,3.73,1.83,0.29,0.41,0.61,14.94,0.93,0.31,0.95,1.77,14.17,2.01,1.69,2.51,2.73,3.2,4.7,2.59,0.96,1.04,0.39,2.41,0.65,0.47,0.32,0.22,7.12,1.64,2.67,2.61,0.56,0.34,5.76,3.68,0.79,18.4,2.04,10.46,6.83,1.48,1.22,0.35,0.33,0.73,0.18,1.85,0.01,0.17,0.29,0.06,0.02,20.37,6.05,10.59,0.28,0.24,0.51,0.17,0.23,1.85,0.23,0.19,0.03,6.67203485242509,0.766086956521739,3.96,1.66,5.73,5.04,14.89,7.82,3.38,0.91,37.66,25.89,60.8960869565217
"sapper_dummerle_1905_de.txt",1,85572,44.17,81.04,13.89,56.12,23.51,19.13,87.04,56.96,16.22,10.58,1.68,0.49,1.58,1.03,0.56,0,6.5,6.39,3.5,4.29,11.13,9.82,9.6,5.06,13,2.27,18.4,7.01,1.97,1.36,0.69,2.78,5.35,3.43,1.89,0.36,0.28,0.85,18.6,2.37,0.44,1.58,2.53,14.91,1.69,1.94,3.12,3.03,3.81,4.67,3.52,1.11,1.77,0.46,2.69,0.85,0.51,0.2,0.45,8.05,2.4,2.71,2.68,0.47,0.34,8.53,4.37,0.77,18.8,2.7,10.33,7.05,1.85,0.87,1.04,0.69,0.58,0.16,1.9,0.04,0.05,0.52,0.05,0.05,23.08,4.67,9.44,0.55,0.77,0.81,0.52,0.29,5.13,0.65,0,0.24,7.003085890713,0.804130434782609,6.92,2.01,4.98,4.92,16.37,8.6,4.45,0.74,44.01,28.37,67.0441304347826
"dostoevskij_verbrechen_1882_ru.txt",1,207687,19.49,74.92,15.8,15.06,15.57,22.61,87.02,58.59,20.02,13.68,3.19,0.37,1.24,0.84,0.4,0,8.01,7.71,3.71,5.56,8.07,10.29,9.11,6.07,12.45,2.05,17.4,6.7,2.06,1.65,1.08,3.01,6.07,2.96,3.09,0.66,0.93,1,18.17,0.6,0.22,0.4,2.65,16.54,2.63,1.94,2.72,3.28,4.05,4.62,3.19,1.14,1.39,0.42,3.61,1.44,0.65,0.28,0.37,5.67,1.03,2.76,1.5,0.38,0.49,6.49,5.13,0.89,17.72,2.42,9.65,6.68,1.39,0.6,0.62,0.62,0.64,0.3,1.86,0.13,0.11,0.32,0.14,0.04,25.45,7.62,9.28,0.44,0.73,1.12,1.6,0.11,3.63,0.03,0.21,0.68,6.72646787279875,0.786089743589744,3.87,2.74,6.64,5.55,15.02,6.16,3.23,0.94,37.51,30.37,64.7360897435897
"fontane_reise_1894_de.txt",1,36288,51.46,59.59,59.24,64.05,17.27,22.69,82.72,56.49,15.34,9.6,3.35,0.82,0.52,0.35,0.18,0,4.27,4.13,1.75,4.84,10.45,11.14,7.79,5.11,15.2,1.77,14.54,7.03,2.61,1.57,1.15,2.78,4.95,3.4,1.57,0.23,0.33,0.59,12.51,0.62,0.38,0.44,1.4,15.07,1.83,1.86,2.7,3.1,3.61,5.1,2.33,0.81,0.93,0.41,3.15,0.81,0.78,0.2,0.46,5.99,1.58,2.51,1.74,0.48,0.3,5.24,4.21,0.78,20.04,2.31,10.99,7.76,1.57,0.99,0.42,0.39,0.56,0.21,1.95,0.02,0.09,0.36,0.06,0.04,19.86,5.6,9.74,0.39,0.27,0.58,0.1,0.45,1.85,0.64,0.23,0,6.42510997540222,0.789310344827586,2.84,2.25,5.99,4.55,15.45,6.61,3.37,0.77,35.84,27.86,60.9693103448276
"doeblin_butterblume_1913_de.txt",1,31746,94.27,82.84,11.92,13.33,17.85,22.93,81.77,52.45,16.88,12.47,1.56,0.04,0.9,0.3,0.6,0,9.08,8.97,4.57,3.49,12.63,13.28,5.66,3.26,9.34,1.1,13.71,6.5,1.57,1.05,0.74,1.71,5.59,2.66,2.9,0.56,0.7,1.1,16.52,0.62,0.24,0.82,2.62,9.73,1.39,1.23,1.51,1.85,2.15,2.78,3.92,1.39,1.2,1,5.04,3.3,0.66,0.68,0.63,5.2,0.77,2.3,2,0.27,0.27,7.51,1.95,0.56,21.65,3.73,13.3,6.13,1.2,1.24,0.81,0.46,0.61,0.38,0.87,0.03,0.09,0.09,0.07,0.03,17.9,5.69,9.24,0.29,1.35,0.14,0.06,0.33,0.74,0.02,0,0.03,4.73255705346627,0.761666666666667,4.3,5.27,4.23,5.02,20.62,5.61,3.71,0.99,45.52,16.98,59.5316666666667
"lasswitz_planeten02_1897_de.txt",1,121000,95.72,62.33,17.75,41.49,13.73,24.49,67.17,47.26,11.14,6.19,1.29,0.63,0.52,0.29,0.23,0,3.96,3.87,1.78,3.73,12.32,11.13,6.4,3.68,9.54,1.8,11.55,4.19,1.5,1.27,1.86,1.87,3.85,2.41,1.39,0.28,0.37,0.5,9.32,0.35,0.16,0.26,1.66,11.99,1.56,1.7,2.47,2.29,2.83,4.12,1.49,0.64,0.47,0.29,1.16,0.68,0.25,0.12,0.11,5.67,1.3,2.34,1.75,0.49,0.48,5.28,1.95,0.84,17.45,2.12,11.45,4.96,1.56,0.42,0.25,0.4,0.26,0.1,1.1,0.01,0.08,0.24,0.03,0.02,18.84,6.35,7.87,0.16,0.12,0.59,0.37,1.72,0,0.09,0.01,1.56,5.52297701099008,0.760982274741507,2.43,1.16,5.59,3.56,14.97,6.36,2.63,0.36,31.47,22.32,58.0609822747415
"brod_stunde_1916_de.txt",1,10214,54.76,58.56,50.51,15.66,20.55,26.44,83.47,55.73,17,10.74,3.69,0.68,0.25,0.02,0.23,0,5.12,4.91,2.72,5.27,10.44,10.99,7.39,6.56,11.24,2.14,13.84,7.94,2.57,1.41,0.76,3.33,6.35,3.12,3.22,0.55,0.57,1.08,13.23,0.24,0.19,0.05,1.3,16.43,2.64,1.93,2.01,3.17,4.42,4.63,3.1,0.98,1.25,0.66,2.88,1.24,0.47,0.22,0.14,6.35,1.2,3.02,1.98,0.37,0.42,4.68,4.75,0.59,18.42,1.91,11.02,6.7,2.13,0.65,0.26,0.42,1.21,0.62,1.99,0.11,0.27,0.56,0.05,0.05,22.32,6.05,10.14,0.34,0.01,0.71,0.16,1.24,3.37,0.01,0.12,0.17,6.83478311326936,0.796644736842105,1.78,2.07,6.03,5.32,15.82,6.99,3.46,1.83,37.27,30.83,70.6666447368421
"hamsun_weiber_1922_sca.txt",1,135643,24.04,76.59,3.97,55.86,14.68,19.57,86.19,58.76,17.92,11.67,1.29,0.35,1.12,0.88,0.23,0,8.11,7.99,2.7,5.16,9.82,9.94,11.03,5.6,12.53,2.68,18.87,6.57,1.92,1.47,0.43,3.05,5.57,3.53,2,0.25,0.43,0.81,18.02,1.08,0.24,0.53,3.85,16.02,1.85,1.87,3.35,3.32,3.89,5.18,2.93,0.85,1.45,0.4,3.18,1.08,0.6,0.26,0.55,5.96,1.29,2.63,1.8,0.45,0.34,7.43,5.23,0.67,17.23,2.31,9.75,6.11,1.58,0.86,0.58,0.81,0.51,0.18,2.59,0.07,0.24,0.7,0.1,0.08,21.24,4.81,10.08,0.54,0.48,1.13,0.91,0.83,2.06,0.33,0,0.09,7.03951291462552,0.794350649350649,5.7,2.49,5.59,5.02,14.76,6.51,3.83,0.69,39,30.79,56.9843506493506
"dickens_copperfield_1850_en.txt",1,307167,38.5,57.88,63.01,58.89,20.81,21.13,84.46,56.18,19.45,14.65,6.59,0.78,1.02,0.64,0.38,0,5.94,5.78,3.01,4.11,8.41,11.34,8.06,4.74,12.15,1.8,16.36,7.3,2.54,1.56,0.89,2.61,6.31,3.97,2.33,0.46,0.4,1.07,15.41,0.9,0.33,0.63,1.63,16,2.93,1.8,2.84,3.63,3.34,4.67,3.62,1.3,1.51,0.55,3.37,1.57,0.65,0.36,0.42,6.86,2.04,2.97,1.58,0.58,0.35,7.14,3.42,0.71,18.39,2.22,10.59,6.75,1.51,0.78,0.66,0.62,0.48,0.19,1.19,0.02,0.12,0.17,0.06,0.02,22.69,6.07,10.19,0.19,0.15,0.52,0.52,0.05,4.31,0,0.02,0.66,6.08061124907442,0.796429780033841,3.49,3,5,5.9,16.17,7.52,3.57,0.67,40.32,28.36,65.5964297800338
"raabe_odfeld_1889_de.txt",1,59977,89.77,75.84,20.16,32.06,20.77,24.78,76.74,52.84,13.05,8.73,1.42,0.87,0.59,0.38,0.21,0,5.19,5.1,1.31,3.56,11.31,12.84,6.44,4.14,12.17,1.35,11.32,6.02,2.01,1.55,0.68,1.82,4.97,2.81,2.14,0.25,0.53,0.93,13.78,0.43,0.25,0.27,3.17,10.84,1.26,1.4,1.75,1.99,2.48,3.77,2.1,0.61,0.92,0.41,2.73,1.22,0.59,0.22,0.3,5.99,1.61,2.13,2.2,0.32,0.21,4.26,3.33,0.53,18.89,1.73,11.73,6.25,1.83,0.68,0.3,0.38,1.87,0.27,1.9,0.09,0.23,0.34,0.16,0.04,16.9,3.55,8.41,0.43,0.55,0.56,1.22,0.31,1.27,0.53,0.03,0.04,7.21680040907775,0.796988543371522,4.12,2.33,4.24,4.52,15.4,6.47,3.19,2.14,38.17,19.96,63.5869885433715
"grillparzer_kloster_1827_de.txt",1,9271,92.78,83.39,11.29,19.64,16.98,25.98,79.66,51.6,14.93,10.56,1.07,0.14,1.33,0.79,0.54,0,7.04,6.95,2.58,3.45,12.89,11.48,5.39,3.33,10.93,1.14,13.89,5.62,1.67,1.35,0.53,1.86,5.51,2.8,2.69,0.46,0.46,0.95,15.93,0.91,0.19,0.4,2.42,11.64,1.84,1.88,1.9,2.14,2.48,3.13,3.41,1.36,1.27,0.52,2.48,1.47,0.47,0.25,0.15,5.02,0.94,2.47,1.26,0.45,0.35,7.9,2.25,0.42,19.54,2.93,11.41,6.49,1.32,0.61,0.59,0.58,0.9,0.16,1.22,0.04,0.03,0.12,0,0.05,19.99,4.86,10.28,0.35,0.58,0.73,0.82,1.43,0.9,0.03,0,0,7.07780336161426,0.7981179138322,3.92,2.34,3.98,4.67,17.49,5.47,3.1,1.06,38.05,19.7,63.8681179138322
"kafka_amerika_1925_de.txt",1,84125,51.27,71.04,24.47,42.87,25.75,22.66,85.11,57.06,15.93,10.33,1.82,0.23,0.89,0.69,0.21,0,6.36,6.17,2.33,4.78,10.3,11.33,9.11,6.04,12.18,2.02,17.37,7.01,2.03,1.19,1.04,3.05,4.86,2.95,1.88,0.31,0.37,0.79,15.94,0.66,0.3,0.27,2.74,16.86,2.06,1.95,3.35,3.71,3.8,5.34,3.65,1.17,1.85,0.4,2.7,1.33,0.35,0.19,0.32,6.43,1.04,2.82,2.27,0.45,0.39,8.11,3.43,0.83,19.48,2.46,11.35,6.86,1.82,0.9,0.71,0.51,0.45,0.06,1.29,0.01,0.06,0.42,0.02,0.01,19.92,4.1,10.51,0.23,0.16,0.44,0.26,0.04,3.39,0,0.02,0.77,5.00506278669055,0.770546875,3.97,2.19,5.82,4.42,17.23,6.97,3.94,0.51,39.23,31.32,69.520546875
"brodkafka_samuel_1912_de.txt",1,4774,64.56,63.75,42.8,52.21,17.55,26.39,80.88,55.01,15.92,10.56,3.41,1.17,0.52,0,0.52,0,5.11,4.92,3,4.86,9.64,12.44,7.46,6.22,11.4,1.8,13.76,7.48,1.99,1.01,1.07,2.83,5.47,3.37,1.97,0.34,0.34,0.71,12.95,0.42,0.38,0.48,1.15,15.84,2.22,1.95,2.51,3.08,3.39,4.57,2.39,0.98,0.71,0.48,3.54,1.42,0.46,0.21,0.23,6.51,1.82,2.76,1.93,0.44,0.34,2.18,6.41,0.75,18.79,2.03,11.37,6.33,1.68,1.82,0.4,0.75,0.15,0.02,1.32,0.02,0.31,0.36,0,0,19,5.66,8.4,0.59,0.25,0.19,0.17,1.61,0.92,0,0.54,0.67,7.07087105819424,0.792020408163265,2.43,2.32,5.93,4.76,15.57,7.29,4.65,0.17,37.19,28.57,64.0920204081633
"altenberg_prodromos_1906_de.txt",1,31465,75.81,75.44,16.18,67.53,13.09,27.63,80.73,51.14,16.49,10.83,3.22,0.64,1.91,1.44,0.48,0,4.8,4.67,2.4,4.84,10.65,10.17,7.15,3.89,9.68,1.51,13.55,7.08,1.92,1.28,1.12,2.25,7.76,4.83,2.86,0.45,0.67,1.16,14.78,0.79,0.33,0.75,1.39,13.7,2.03,2.14,2.2,2.26,3.35,3.69,3.16,0.83,1.01,0.85,5.56,1.82,1.13,0.44,1.04,7.07,1.5,3.46,2.12,0.75,0.37,2.9,5.5,1.12,15.73,1.76,9.33,5.64,1.98,1.24,0.22,0.75,1.2,0.4,1.19,0.09,0.12,0.14,0.04,0.03,24.57,4.94,8.35,0.7,0.17,1.25,4.31,2.26,2.26,0.23,0.11,0,8.88035908473049,0.810337552742616,3.26,4.43,5.96,7.11,13.78,8.2,4.19,1.6,42.57,23.32,66.2403375527426
"keyserling_beatemareile_1903_de.txt",1,30747,81.74,82.78,8.16,48.48,10.11,22.52,80.12,51.17,15.75,10.39,1.51,0.59,1.29,0.68,0.61,0,6.5,6.42,3.86,3.64,11.64,10.72,6.85,3.57,10.95,1.38,15.4,7.44,1.94,1.62,0.23,1.79,6.62,3.93,2.66,0.41,0.52,1.23,15.85,0.84,0.27,0.9,1.56,11.99,1.98,2.08,2.02,2.07,2.89,3,4.75,1.57,1.82,1.05,4.77,2.27,0.8,0.8,0.49,6.05,1.38,2.56,1.77,0.32,0.34,8,3.36,0.51,17.84,2.45,11.17,5.3,0.91,1.31,0.74,0.39,0.65,0.16,2.31,0.09,0.19,0.53,0.16,0.19,23.6,8.3,9.35,0.38,0.38,0.89,0.89,0.05,2.87,0.48,0,0,9.82039326074612,0.794962121212121,3.57,4.36,3.87,6.09,18.06,6.37,3.35,0.81,42.61,20.78,57.5549621212121
"may_winnetou_1893_de.txt",1,158438,14.06,70.97,37.88,41.54,12.84,20.08,86.37,60.48,20.85,14.36,4.74,1.82,2.28,0.71,1.56,0,5.72,5.5,2.54,5.43,8.41,10.13,10.52,5.17,12.87,2.33,19.14,5.86,2.01,2.15,0.69,2.3,5.13,3.07,2.05,0.3,0.65,0.62,15.96,0.44,0.21,0.08,1.88,16.26,2.4,2.49,3.45,3.07,3.73,5.06,2.86,1.01,1.17,0.43,2.91,1.14,0.48,0.17,0.33,7.58,2.54,2.88,1.66,0.52,0.66,6.96,5.17,1.26,17.71,2.99,10.17,5.81,1.35,0.82,0.07,0.35,0.34,0.58,1.72,0.07,0.12,0.45,0.06,0.02,24.35,5.45,9.05,0.37,0.93,1.14,1.24,0.54,5.45,0.03,0.03,0.13,11.7509481526285,0.779246575342466,2.61,2.12,6.12,4.64,15.77,8.26,2.59,0.92,36.91,30,58.4992465753425
"achleitner_celsissimus_1901_de.txt",1,68218,97.33,70.38,15.69,37.95,17.48,29.43,74.64,47.66,10.43,6.06,1.86,0.23,0.81,0.24,0.57,0,2.62,2.59,0.76,3.38,12.82,11.33,6.71,3.02,9.83,1.41,13.25,5.59,1.58,1.09,0.65,1.63,6.46,3.64,2.75,0.6,0.78,0.89,11,0.71,0.26,0.39,1.45,11.28,1.86,1.46,1.92,1.84,2.75,2.7,2.48,0.65,1.06,0.54,2.82,1.18,0.69,0.28,0.37,6.7,1.33,2.31,2.58,0.51,0.62,5.15,3.08,0.97,15.79,2.27,9.53,5.07,1.95,0.63,0.35,0.74,1.72,0.29,1.13,0.04,0.12,0.15,0.02,0.02,19.58,3.36,8.37,0.53,0.29,0.45,2.18,0.41,3,0.75,0.08,0.16,10.5129923606312,0.793150289017341,2.81,2.52,4.03,5.91,14.05,7.35,3.67,2.01,38.32,18.59,67.4331502890173
"walser_gehuelfe_1908_de.txt",1,73867,59.95,75.74,15.42,65.87,17.53,23.44,84.28,54.82,15.82,8.96,1.21,0.14,0.5,0.17,0.32,0,6.25,6.12,2.61,5.71,10.64,10.65,7.9,4.83,12.95,1.55,15.06,7.9,2.32,1.8,0.56,2.85,6.2,4.04,2.14,0.34,0.51,0.76,15.32,1.09,0.24,0.79,2.5,14.65,2.04,2.13,2.36,3.52,3.05,4.05,3.73,1.32,1.4,0.59,3.02,1.25,0.57,0.26,0.58,6.29,0.83,2.88,2.34,0.39,0.37,6.27,3.38,0.78,18.83,2.15,10.94,6.76,1.9,1.09,0.79,0.75,0.54,0.07,1.57,0.06,0.09,0.38,0.04,0.02,19.4,5.15,10.57,0.29,0.04,0.6,0.31,0.58,1.51,0.09,0.02,0.23,3.66107600814243,0.775560344827586,4.62,2.66,6.27,5.65,16.4,6.81,4.53,0.61,41.28,26.38,61.5255603448276
"raabe_akten_1896_de.txt",1,61193,54.75,71.44,57.43,58.16,23.47,21.04,83.66,57.62,16.85,11.87,4.12,1.05,1.53,1.06,0.47,0,4.79,4.67,2.06,3.97,10.04,12.13,7.57,5.09,13.88,1.68,13.33,7.18,2.44,1.73,0.59,2.28,5.78,3.69,2.07,0.31,0.43,0.97,15.84,1.54,0.7,0.92,2.02,13.96,2.02,1.87,2.24,2.85,3.21,4.55,2.22,0.67,0.99,0.42,2.99,1.18,0.7,0.33,0.16,7.3,2.64,2.73,1.93,0.55,0.17,4.27,4.38,0.59,19.48,1.72,11.61,7.05,1.25,0.79,0.82,0.56,0.76,0.16,1.96,0.11,0.11,0.39,0.07,0.07,16.41,3.09,9.12,0.59,0.56,0.55,0.93,0.19,1.11,0.14,0.12,0.01,7.53114131336181,0.775304659498208,5.18,2.37,4.56,5.4,15.41,8.02,3.42,0.92,40.72,25.79,62.0853046594982
"sapper_vater_1915_de.txt",1,26709,37.39,86.81,9.5,51.81,14.04,18.74,87.75,57.25,17.88,12.67,1.98,0.79,2.32,1.53,0.79,0,7.26,7.1,3.71,3.85,10.14,9.96,9.74,4.51,12.37,2.3,18.84,6.81,1.85,1.37,0.49,2.57,6.55,3.95,2.56,0.6,0.4,1.35,20.73,2.92,0.38,1.51,3.25,14.75,1.89,1.82,3.06,2.95,3.99,4.45,3.37,1.12,1.56,0.57,2.49,0.98,0.39,0.21,0.29,9.46,3.61,2.98,2.55,0.6,0.49,8.47,4.62,0.83,18.11,3.03,9.98,6.49,1.3,0.84,0.82,0.45,0.38,0.26,1.54,0.01,0.09,0.41,0.04,0.02,23.03,5.31,8.89,0.6,0.7,0.86,1.1,0.39,4.61,0.39,0,0.19,9.41229094509006,0.7615625,8.06,1.87,4.34,6.3,16.26,10.23,3.41,0.64,46.77,27.54,56.9815625
"goethe_italienische_1786_de.txt",1,171439,80.66,62.2,61.98,91.45,21.74,26.84,80.66,53.15,14.67,8.45,3.12,0.9,0.27,0.06,0.21,0,3.28,3.19,1.42,5.47,11.23,11.34,6.85,4.41,11.85,1.26,13.5,7.36,2.24,1.53,0.99,2.91,6.39,4.82,1.56,0.19,0.27,0.57,10.66,0.33,0.29,0.17,0.95,13.94,2.17,1.73,2.08,2.76,3.02,3.76,2.64,1.25,0.62,0.42,2.63,0.74,0.49,0.28,0.28,6.59,1.49,3.06,1.83,0.69,0.37,3.96,4.24,0.86,20.04,2.1,12.32,6.6,1.97,1.16,0.33,0.55,0.8,0.19,1.16,0.03,0.04,0.12,0,0.01,16.7,4.45,10.23,0.17,0.6,0.05,0.14,0.28,0.47,0.25,0.05,0.01,5.9879940871037,0.757931034482759,1.74,1.79,6.46,5.85,16.71,7.44,4.01,0.99,38.53,24.1,66.1579310344828
"goethe_wahlverwandtschaften_1809_de.txt",1,79005,53.25,78.84,16.08,83.92,21.55,26.63,83.85,55.9,18.06,11.41,1.63,0.77,0.99,0.45,0.54,0,6.89,6.78,3.65,5.72,9.69,11.45,7.79,4.68,12.02,1.82,15.6,6.95,2.44,1.6,0.47,2.89,7.06,4.9,2.17,0.44,0.32,0.91,16.93,0.61,0.55,0.35,1.74,16.16,2.64,1.95,2.77,3.31,3.57,4.58,2.67,1.07,0.9,0.42,2.36,0.87,0.49,0.35,0.18,6.98,1.8,3.21,1.59,0.74,0.41,6.13,3.42,0.86,18.48,2.34,10.78,6.4,1.93,0.69,0.4,0.52,0.43,0.18,1.24,0.01,0.02,0.19,0.01,0.01,18.73,4.1,10.61,0.21,1.08,0.21,0.34,0.25,1.82,0.1,0,0,11.0010121063506,0.769846153846154,3.25,1.89,6.19,6.57,15.51,7.75,3.54,0.61,39.12,28.21,67.8698461538462
"dickens_twist_1838_en.txt",1,119345,66.12,76.96,16.89,26.19,20.21,20.73,81.29,52.7,15.7,10.97,2.12,0.29,0.95,0.68,0.27,0,6.61,6.36,2.63,3.87,10.48,10.42,7.52,4.73,11.62,1.68,15.56,6.47,1.86,1.52,0.98,2.12,5.46,2.92,2.5,0.48,0.63,0.9,16.28,0.52,0.38,0.45,2.62,12.93,1.81,1.7,2.23,2.93,2.85,3.79,3.59,1.18,1.7,0.51,3.65,1.7,0.79,0.29,0.43,5.6,1.11,2.49,1.73,0.43,0.4,6.8,3.42,0.82,18.79,2.69,10.57,6.88,1.35,0.7,0.6,0.63,0.91,0.35,2.21,0.11,0.21,0.34,0.08,0.1,26.26,6.53,10.53,0.21,0.2,0.86,0.33,0.03,6.53,0.37,0.01,0.67,5.36582100983564,0.74625,3.97,3.21,4.85,4.93,16.65,6.16,3.28,1.26,39.46,23.84,68.28625
"goethe_werther_1787_de.txt",1,39287,41.42,69.09,33,69.92,19.99,19.73,85.78,57.87,20.7,15.26,5.93,0.7,1.87,1.19,0.67,0,6.57,6.43,3.4,4.32,10.37,10.54,8.55,3.44,12.16,1.86,16.32,6.47,2.17,1.68,0.8,2.64,7.5,4.78,2.72,0.45,0.38,1.36,16.31,0.73,0.35,0.38,1.71,14.54,2.37,2.13,2.5,2.98,3.42,3.64,3.35,1.03,1.39,0.58,3.84,1.57,0.63,0.47,0.31,6.33,1.81,2.88,1.46,0.49,0.34,5.26,5.3,0.82,17.34,2.23,10.1,5.98,1.18,0.84,0.33,0.48,0.97,0.39,1.47,0.02,0.22,0.09,0.15,0,23.19,3.83,11.4,0.35,0.65,0.54,1.58,2.57,1.57,0.63,0.04,0.04,7.22077135788482,0.78587786259542,3.17,2.98,5.12,6.97,15.33,6.98,2.83,1.36,39.62,24.98,63.7858778625954
"dostoevskij_idiot_1889_ru.txt",1,276529,27.08,71.4,24.26,37.51,20.43,24.36,85.73,58.13,18.95,12.95,3.34,0.41,0.95,0.6,0.36,0,7.38,7.06,3.64,5.06,8.58,10.64,9.08,6.32,12,2.05,16.68,6.55,1.98,1.48,1.13,3.04,6.02,3.43,2.56,0.58,0.7,0.87,17.65,0.7,0.29,0.38,2.16,16.98,2.88,2.04,2.88,3.44,3.91,5,3.02,1.01,1.46,0.34,2.91,1.15,0.53,0.25,0.17,5.88,1.26,2.78,1.49,0.41,0.37,6.46,4.52,0.9,17.87,1.97,9.98,6.93,1.34,0.54,0.44,0.55,0.52,0.21,1.69,0.08,0.08,0.4,0.1,0.08,23.24,5.75,8.98,0.36,1.61,0.86,1.13,0.06,3.48,0.03,0.29,0.68,6.78374233488073,0.758335664335664,3.53,2.1,6.19,5.58,14.76,6.31,2.87,0.73,35.88,31.56,69.1883356643357
"tolstoy_anna_1920_ru.txt",1,188867,42.91,79.61,7.68,55.81,23.12,24.44,84.02,56.96,18.53,12.59,1.94,0.29,1.63,0.63,1,0,8.01,7.95,3.2,5.13,9.42,11.16,8.66,4.94,11.8,2.12,16.58,6.28,2.11,1.88,0.59,2.4,5.79,3.63,2.1,0.43,0.47,0.83,18.17,0.79,0.28,0.46,2.62,15.14,2.73,1.86,2.68,2.47,3.62,4.61,3.22,1.17,1.28,0.51,3.12,1.3,0.6,0.39,0.29,5.76,1.23,2.71,1.5,0.46,0.41,7.24,3.65,0.68,17.09,2.3,9.66,6.14,1.73,0.78,0.28,0.51,0.38,0.13,1.54,0.07,0.1,0.29,0.06,0.01,22.52,4.36,10.72,0.1,0.63,0.64,0.47,1.31,4.05,0.01,0,0.22,7.83353127275047,0.755904499540863,4.15,2.58,5.72,5.36,14.92,6.31,3.3,0.51,37.13,27.43,71.1259044995409
"kafka_urteil_1913_de.txt",1,3994,29.9,83.45,24.51,42.99,16.57,21.21,88.68,59.94,20.16,14.72,3.08,0.38,3.38,3.33,0.05,0,6.53,6.51,0.63,4.96,9.76,11.17,9.56,6.46,10.99,2.23,17.08,6.86,1.95,1.15,0.45,2.55,5.31,3.18,2.1,0.3,0.2,0.8,20.51,1.93,1.18,0.45,5.13,17.53,2.63,2.2,3.08,3.33,4.13,5.33,2.8,1.03,1.23,0.45,2.65,1.28,0.53,0.2,0.15,7.41,3.63,2.65,1.03,0.55,0.35,7.11,4.73,0.68,17.73,2.2,9.91,6.91,1.9,0.8,1.03,0.58,0.28,0.18,1.43,0.05,0.03,0.55,0.03,0,17.8,4.61,9.79,0.15,0.03,0.58,0.85,0.03,1.65,0.13,0,0,7.86401797315438,0.753921568627451,8.69,2.16,5.41,4.48,14.82,8.21,4.31,0.46,43.13,31.94,56.8839215686274
"kafka_landarzt_1920_de.txt",1,13200,54.17,60.2,51.12,33.97,21.29,23.13,85.36,57.05,18.52,12.31,4.54,0.61,0.79,0.58,0.21,0,5.41,5.28,1.64,5.45,10.6,11.33,8.33,5.33,10.81,1.98,15.91,7.02,1.91,1.18,0.79,2.73,5.65,3.19,2.45,0.38,0.45,0.89,14.39,0.69,0.18,0.21,2.42,16.37,2.41,1.7,3,3.22,3.95,4.86,3.07,1.18,1.15,0.55,4.2,1.96,0.74,0.24,0.29,6.86,1.47,3.02,2,0.67,0.58,4.19,5.95,0.76,19,2.46,11.49,6.2,1.56,1.14,0.73,0.41,0.34,0.26,1.21,0.02,0.15,0.24,0.03,0.02,18.94,4.67,9.4,0.33,2.5,0.24,0.26,0.02,1.47,0.05,0.02,0,6.05833164251506,0.767435897435897,3.5,3.23,6.24,4.91,16.83,7.74,3.84,0.6,40.65,29.18,64.3674358974359
"hoffmann_nacht_1817_de.txt",1,105742,84.85,74.05,31.43,28.4,26.84,25.64,80.28,52.31,15.11,10.24,2.96,0.35,1.37,0.86,0.51,0,5.08,5.01,1.65,3.82,11.53,11.41,6.38,4.08,11.17,1.26,13.68,7.31,2.21,1.32,0.36,2.34,6.87,3.7,3.18,0.56,0.69,1.08,13.94,0.66,0.31,0.32,2.21,12.43,2.17,1.79,1.91,2.27,2.83,3.23,3.15,1.1,1.3,0.54,3.25,1.5,0.89,0.34,0.28,6.09,1.27,2.66,1.87,0.42,0.44,6.36,2.66,0.68,18.69,2.54,11.13,6.15,1.49,1.01,0.69,0.64,0.92,0.44,1.67,0.1,0.12,0.22,0.11,0.02,20.24,3.56,11.19,0.37,0.35,0.29,0.73,1.34,1.9,0.08,0.04,0.39,8.48013994817499,0.77979057591623,3.5,3.01,4.18,6.03,16.61,6.66,3.83,1.36,41,21.88,73.7197905759162
"storm_basch_1887_de.txt",1,17699,82.15,79.93,17.28,43.39,19.18,19.6,80.72,52.9,14.32,10.5,1.27,0.22,0.87,0.45,0.42,0,7.79,7.71,2.47,2.99,11.79,11.35,6.67,4.38,12.62,1.16,14.07,7.14,1.94,1.21,0.66,1.72,4.13,2.6,1.51,0.33,0.32,0.58,16.16,1.23,0.46,0.57,3.81,10.16,1.06,1.34,2.17,1.89,2.12,3.98,3.47,1.14,1.81,0.41,3.57,1.59,1.09,0.23,0.4,5.54,1.4,2.04,1.94,0.33,0.16,8.66,2.19,0.55,21.57,2.67,11.76,8.31,1.82,1.11,1.02,0.34,0.45,0.28,2.28,0.06,0.15,0.4,0.08,0.05,19.5,2.89,7.51,0.79,2.38,0.7,1.72,0.1,2.51,0.9,0,0,9.72799162456162,0.80105561861521,6.07,3.31,3.65,3.83,17.79,5.87,4.29,0.73,41.89,19.82,59.4810556186152
"musil_mann3_1930_de.txt",1,127022,48.92,73.19,13.48,58.42,27.38,26.27,85.52,58.12,16.94,9.76,1.12,0.49,0.69,0.35,0.34,0,6.45,6.29,2.9,5.98,11.37,10.87,8.43,5.59,13.53,1.92,15.62,7.35,2.87,1.74,0.64,2.82,6.12,3.8,2.18,0.41,0.5,0.68,16.03,0.46,0.17,0.23,1.73,18.59,3.31,2.4,2.94,3.93,3.7,5.61,3.15,0.98,1.16,0.74,3.34,1.03,0.62,0.51,0.3,6.68,1.42,3.21,1.68,0.45,0.47,5.59,4.36,0.71,16.44,1.84,9.78,5.82,1.81,0.58,0.21,0.5,0.57,0.19,1.3,0.03,0.02,0.24,0.03,0.03,17.66,3.35,9.3,0.55,0.81,0.35,0.83,0.12,2.29,0,0.04,0.01,4.24618892069859,0.781921824104234,2.59,2.46,6.62,5.39,14.5,7.23,3.1,0.76,36.03,32.22,72.3319218241042
"tolstoy_herrknecht_1916_ru.txt",1,20991,65.97,76.05,23.17,28.51,21.6,20.8,82.48,56.41,15.92,10.4,0.98,0.56,0.62,0.44,0.18,0,6.79,6.69,0.99,4.09,11.12,12.29,7.78,4.7,13.81,1.6,16.03,5.32,1.65,1.4,0.64,2.06,4.26,2.36,1.84,0.41,0.37,0.62,14.63,0.45,0.14,0.18,3.52,12.42,1.71,1.57,2.34,2.24,2.56,4.18,2.97,0.72,1.35,0.71,3.09,1.49,0.47,0.3,0.4,5,1.05,2.38,1.28,0.27,0.39,8.15,2.83,0.78,21.14,3.6,12.11,6.6,1.01,1.66,0.43,0.63,0.4,0.19,1.64,0.09,0.05,0.22,0.05,0.17,20.35,4.97,9.5,0.19,1.11,0.4,0.53,0.11,3.41,0.07,0.02,0.04,6.42038802771262,0.798695652173913,4.29,2.66,4.73,3.76,18.49,5.37,3.73,0.59,38.89,22.96,63.7686956521739
"storm_schimmelreiter_1888_de.txt",1,38397,71.58,78.46,17.5,30.14,20.49,18.31,80.82,55.42,15.99,10.82,1.52,0.48,1.42,0.84,0.58,0,7.05,6.95,2.56,3.9,11.98,11.32,7.74,4.43,12.65,1.51,15.52,6.11,1.97,1.44,0.48,1.76,3.92,2.24,1.65,0.3,0.35,0.53,15.83,0.63,0.24,0.27,2.78,11.25,1.1,1.42,2.4,1.84,2.74,4.45,3.82,1.35,1.83,0.57,3.4,1.73,0.64,0.27,0.42,4.86,1.16,2.23,1.32,0.32,0.22,8.54,2.99,0.67,20.32,2.87,11.25,7.4,0.99,0.9,0.49,0.36,0.69,0.2,1.94,0.09,0.05,0.36,0.03,0.05,20.5,2.63,7.97,0.72,3.02,0.64,1.74,0.13,2.58,1.07,0,0,7.29680783054863,0.804550128534704,3.92,3.06,4.38,3.42,17.87,5.25,2.74,0.89,37.15,21.65,60.4645501285347
"kretzer_timpe_1888_de.txt",1,77897,78.98,79.47,13.76,48.9,18.47,24.85,82.85,54.63,16.02,10.82,1.15,0.27,0.44,0.23,0.2,0,7.64,7.47,1.92,4.18,12.13,11.67,7.6,4.58,11.21,1.38,15.14,6.98,2.22,1.18,0.76,2.27,5.39,3.32,2.03,0.36,0.46,0.77,16.77,1.11,0.32,0.4,3.49,13.15,1.79,1.82,2.32,2.27,2.93,4.06,3.03,1.02,1.34,0.44,2.56,1.26,0.68,0.24,0.27,6.82,1.25,3.02,2.3,0.52,0.31,7.33,2.33,0.76,20.1,2.45,11.09,7.8,2.5,0.77,0.55,0.81,0.59,0.16,1.01,0.06,0.06,0.15,0.04,0.03,17.3,6.03,8.31,0.49,0.37,0.3,0.38,0.08,0.98,0.3,0.03,0.06,6.469237631013,0.780249716231555,5.32,2.45,4.94,4.91,16.34,7.4,4.63,0.75,41.8,23.42,61.5502497162316
"wassermann_spiegel_1911_de.txt",1,78549,86.76,79.04,6.77,16.79,23.59,26.77,80.43,53.34,15.67,10.49,1.49,0.37,0.79,0.33,0.45,0,7,6.89,2.52,4.24,12.65,11.52,6.93,3.34,11.22,1.34,14.11,5.69,2.03,1.41,0.7,1.91,6.12,3.03,3.07,0.57,0.76,1.03,15.32,0.62,0.36,0.36,2.66,11.87,1.91,1.71,1.84,2.12,2.59,3.4,3.03,1.25,1.06,0.49,3.13,1.58,0.59,0.35,0.33,6.2,1.21,2.83,1.81,0.42,0.47,7.09,2.59,0.59,17.35,2.34,10.37,5.66,1.47,0.95,0.45,0.62,0.71,0.37,0.93,0.05,0.08,0.11,0.02,0.02,18.4,4.29,10.44,0.22,0.77,0.3,0.16,0.32,1.8,0.08,0,0.02,5.96547844364616,0.786150627615063,4,2.85,4.94,5.39,15.51,6.74,3.49,1.08,39.06,20.16,69.6561506276151
"reventlow_dames_1913_de.txt",1,34541,25.04,68.51,40.44,58.53,20.55,23.32,85.19,56.87,18.57,11.82,3.75,1.07,0.37,0.12,0.25,0,5.83,5.66,2.51,5.8,8.61,9.84,8.43,6.44,12.91,1.84,16.82,6.72,2,1.57,0.56,3.09,5.43,3.51,1.88,0.31,0.33,0.8,16.35,0.4,0.22,0.64,2.14,17.43,3.26,1.74,2.69,4.25,3.92,4.91,3.06,1.06,1.33,0.52,2.8,0.81,0.46,0.35,0.26,6.23,1.73,2.52,1.71,0.33,0.35,5.88,5.32,0.8,17.7,2.28,9.62,6.87,1.45,0.87,0.45,0.25,0.82,0.13,1.82,0.02,0.09,0.54,0.14,0.02,17.31,4.36,9.7,0.49,0.15,0.5,0.08,0.04,1.76,0.05,0.19,0,7.01021266933933,0.782070895522388,3.4,1.88,6.36,4.95,14.81,6.64,3.02,0.95,35.65,32.14,62.5020708955224
"hagenauer_muspilli_1900_de.txt",1,23247,68.68,51.12,60.35,13.95,14.34,24.95,81.63,53.87,17.4,12.17,5.85,0.58,0.69,0.62,0.07,0,4.44,4.4,0.92,4.65,10.47,11.32,6.49,4.75,11.28,1.6,12.71,8.31,2.16,1.37,0.76,2.8,7.36,3.57,3.77,0.59,1.06,1.52,11.08,0.32,0.32,0.19,1.59,13.37,2.05,1.9,2.11,2.55,3.04,3.76,3.43,1.05,0.99,1.01,4.28,2.13,0.97,0.64,0.61,5.71,1.19,2.78,1.63,0.35,0.34,6.25,2.44,0.59,18.47,2.13,11.17,6.4,1.46,0.95,0.41,0.48,0.89,0.41,1.15,0.15,0.09,0.18,0.04,0.03,19.08,6.37,10.71,0.28,0.07,0.2,0.47,0.18,0.62,0.13,0.05,0,7.1952467606207,0.776431924882629,2.42,4.35,5.41,6.74,16.35,6.29,3.3,1.3,40.75,24.56,59.3264319248826
"meyer_borgia_1891_de.txt",1,36751,85.32,81.23,6.02,20.2,17.01,27.08,78.74,52.97,16.78,12.38,2.3,0.28,2.17,1.05,1.11,0,7.11,7.07,2.92,3.63,12.36,11.2,6.18,2.71,11.41,1.38,12.94,5.82,1.83,1.25,0.42,1.22,7.03,3.58,3.44,0.64,0.92,1.32,16.15,0.76,0.24,0.33,2.5,10.79,1.72,1.49,1.74,1.62,2.39,3.61,2.92,1.13,1.07,0.49,3.06,1.64,0.53,0.4,0.19,6.05,1.37,2.34,2.06,0.39,0.46,5.45,3.08,0.57,16.32,2.19,10.14,4.95,1.4,0.57,0.23,0.68,1.08,0.47,0.72,0.05,0.04,0.05,0.05,0,20.67,5.07,9.51,0.36,0.24,0.45,1.23,0.75,2.79,0.26,0,0.01,6.80140833801014,0.779784172661871,3.83,2.76,4.05,6.46,15.02,6.62,2.88,1.55,39.12,17.88,65.5897841726619
"may_kurdistan_1892_de.txt",1,149365,30.23,79.46,36.05,41.61,10.36,19.56,84.74,58.98,20.96,14.8,4.78,1.53,3.4,2.66,0.74,0,4.92,4.77,1.71,5.2,9.88,9.65,9.48,4.35,11.24,1.88,18.24,4.91,1.52,1.89,0.66,2.25,4.63,2.8,1.77,0.29,0.58,0.53,16.91,0.49,0.24,0.13,2.18,13.49,2.06,1.71,2.79,2.52,3.12,4.27,2.6,0.92,1.17,0.28,2.8,0.95,0.35,0.21,0.39,7.06,2.22,2.2,2.2,0.45,0.58,6.39,5.7,1.26,17.18,3.02,10.18,5.26,1.21,0.89,0.44,0.51,0.84,0.37,1.57,0.04,0.14,0.47,0.08,0.02,23.68,6.04,7.92,0.26,0.79,1.69,2.11,0.15,4.65,0.05,0.01,0,10.1842920719166,0.80472,3.04,1.9,5.86,4.2,15.57,7.65,3.05,1.21,36.62,24.95,54.87472
"mann_venedig_1913_de.txt",1,25073,95.53,76.93,5.57,43.45,24.56,31.09,78.34,50.29,12.75,8.67,0.16,0.17,0.16,0.08,0.09,0,6.92,6.82,1.09,3.27,12.73,12.11,5.74,3.22,11.34,1.06,12.06,6.46,1.61,0.99,0.51,1.49,6.93,4,2.91,0.59,0.57,1.05,12.82,0.34,0.18,0.17,2.79,11.19,1.93,1.22,1.64,2.35,2.21,3.27,3.53,1.52,0.68,0.94,3.88,2.26,0.66,0.43,0.43,5.23,0.68,2.61,1.55,0.46,0.47,6.28,1.43,0.37,18.06,2.63,11.22,5.44,1.69,1.22,0.24,0.43,0.61,0.65,0.77,0.02,0.06,0.19,0.01,0.01,18.63,3.74,11.93,0.27,0.44,0.24,0.24,1,0.71,0.01,0.02,0.04,9.12403512407141,0.796012016522719,3.48,3.78,3.78,6.21,16.99,5.77,3.58,1.26,41.07,18.39,75.2660120165227
"fontane_stechlin_1899_de.txt",1,125290,30.57,65.26,32.63,67.49,14.13,21.74,82.63,56.9,15.73,9.2,2.54,0.67,0.7,0.46,0.23,0,4.59,4.45,2.1,5.14,9.79,9.9,8.44,6.26,15.65,1.91,15.13,6.91,2.37,1.86,0.84,2.98,4.93,3.44,1.48,0.23,0.25,0.62,14.16,0.67,0.3,0.49,1.77,16.42,1.87,2.12,3.2,3.67,3.94,5.39,2.34,0.74,1.12,0.33,2.81,0.51,0.73,0.25,0.28,6.23,1.53,2.59,1.99,0.51,0.3,5.03,5.06,0.7,18.14,1.91,10.06,7.15,1.37,0.71,0.36,0.4,1.08,0.18,2.99,0.04,0.16,0.62,0.08,0.19,22.66,7.06,10.3,0.33,0.49,0.52,0.13,0.17,2.32,0.98,0.33,0.04,4.12066612885273,0.782253521126761,3.23,1.77,5.98,4.54,14.16,6.92,2.84,1.26,34.72,31.34,59.9322535211268
"musil_toerless_1906_de.txt",1,50915,40.73,74.17,26.21,19.71,17.5,24.27,85.25,58.01,18.68,11.55,1.59,0.41,1.24,1.05,0.19,0,6.98,6.82,1.56,6.13,9.99,11.4,8.07,6.28,12.43,1.88,15.4,7.54,2.59,1.95,0.56,2.99,5.88,2.99,2.87,0.8,0.68,0.93,15.59,0.29,0.16,0.14,2.6,17.35,2.94,2.24,2.65,3.57,3.81,5.05,3.51,1.3,1.02,0.95,2.94,1.49,0.61,0.37,0.19,6.07,0.94,3.26,1.5,0.35,0.46,7.12,3.43,0.72,19.31,2.3,11.11,7.17,1.48,0.64,0.28,0.42,0.48,0.16,1.56,0.04,0.09,0.37,0.04,0.02,22.18,7.06,8.66,0.28,0.64,0.74,0.36,1.61,2.1,0.06,0.01,0.67,4.84205564799031,0.78292220113852,3.19,2.66,6.69,5.4,16.68,6.51,2.82,0.64,37.9,31.41,65.1029222011385
"fontane_briest_1896_de.txt",1,95884,20.16,66.35,42.06,64.13,16.38,19.79,84.98,58.72,16.88,10.15,2.92,0.6,1.39,0.98,0.41,0,4.73,4.62,2.63,5.29,9.37,10.12,9.53,6.05,16.08,2.08,16.77,7.08,2.38,1.77,0.83,3,5.47,3.65,1.82,0.34,0.32,0.76,14.77,1.06,0.22,0.8,1.35,16.32,1.95,1.94,3.17,3.6,3.96,5.57,2.53,0.86,1.16,0.37,2.94,0.75,0.52,0.31,0.25,6.21,1.47,2.5,2.06,0.48,0.3,5.97,5.13,0.78,18.82,2.13,10.29,7.42,1.28,0.83,0.51,0.37,0.63,0.15,2.43,0.03,0.06,0.57,0.11,0.04,21.85,5.88,10.75,0.32,0.64,0.58,0.1,0.18,2.11,1.1,0.15,0.03,4.32484757584489,0.78058583106267,3.43,1.83,6.12,5.07,14.81,6.81,2.99,0.78,35.72,31.32,59.3705858310627
"tolstoy_romanehe_1921_ru.txt",1,34063,17.33,52.55,77.5,61.35,21.05,19.09,89.56,61.17,22.89,16.95,8.43,1.37,0.86,0.68,0.18,0,5.66,5.56,1.43,5.13,7.83,11.56,7.96,5.1,13.34,2.15,16.62,7.59,2.65,1.65,0.47,2.93,7.39,4.56,2.83,0.64,0.55,1.19,16.82,0.65,0.16,0.29,2.47,16.51,2.86,1.5,3.05,3.28,3.86,5.19,4.43,1.55,1.9,0.8,3.51,1.56,0.69,0.69,0.23,6.45,2.39,2.71,0.95,0.62,0.31,8.49,2.65,0.58,18.06,2.17,9.96,7.27,0.99,0.93,0.62,0.32,0.58,0.24,1.32,0.02,0.03,0.18,0.04,0.01,21.36,4.93,10.48,0.23,0.7,0.57,0.42,1.07,2.82,0.01,0.06,0.09,7.32253840014737,0.798221476510067,3.57,3.17,5.6,6.94,16.38,6.98,2.86,0.82,40.72,29.92,62.4782214765101
"brod_beer_1912_de.txt",1,43572,62.06,77.76,9.82,53.94,23.41,24.7,82.57,54.37,16.25,10.39,0.71,0.12,0.86,0.5,0.36,0,7.7,7.61,2.74,4.9,10.36,11.28,7.19,5.49,12.11,1.88,13.95,7.98,2.53,1.59,0.61,2.83,6.04,3.73,2.26,0.38,0.46,0.81,16.05,0.93,0.34,0.65,2.84,14.68,1.82,2.26,2.14,2.98,3.49,4.4,2.71,0.91,1,0.54,2.92,1.51,0.72,0.28,0.41,6.47,1.15,3.1,1.85,0.44,0.43,7.18,2.24,0.64,19.18,2.27,10.84,7.23,1.86,0.96,0.37,0.61,0.39,0.12,2.08,0.04,0.24,0.49,0.06,0.06,22.6,6.09,10.57,0.56,0.21,0.37,0.23,1.52,2.76,0.11,0.13,0.06,7.76936473613837,0.796212534059946,4.76,2.92,5.51,5.38,15.56,6.97,3.8,0.51,39.9,27.29,71.9962125340599
"hoffmann_zaches_1819_de.txt",1,34709,83.43,74.13,21.1,69.65,20.31,26.79,78.85,51.3,14.66,9.56,2.51,0.27,1.14,0.88,0.26,0,4.81,4.69,1.92,4.09,11.53,10.75,5.98,4.5,11.41,1.28,13.3,7.78,2.42,1.59,0.46,2.54,7.19,4.64,2.58,0.37,0.6,1.01,13.82,0.41,0.42,0.33,2,12.73,2.01,1.86,1.82,2.4,3.06,3.26,2.86,0.97,1.14,0.49,3.25,1.35,0.43,0.44,0.48,6.72,1.14,2.8,2.65,0.47,0.32,5.23,3.32,0.65,17.38,2.32,11.05,4.92,1.97,1.11,0.42,0.51,0.8,0.22,1.75,0.07,0.18,0.23,0.1,0.01,22.93,3.27,11.33,0.38,0.15,0.34,1.36,2.57,2.95,0.42,0.02,0.14,6.83211729471818,0.801490909090909,3.16,2.7,4.55,6.62,15.97,7.38,4.01,1.02,40.86,22.73,71.0614909090909
"walser_spaziergang_1917_de.txt",1,17429,56.48,55.27,46.01,97.9,26.86,29.26,82.88,52.77,14.93,9.96,4.9,0.52,0.24,0.09,0.15,0,3.84,3.54,2.09,4.32,8.43,10.56,6.58,4.34,14.29,1.38,12.85,10.01,2.95,1.81,0.49,2.5,9.91,7.06,2.86,0.38,0.61,1.23,11.54,0.32,0.22,0.3,0.99,15.43,2.54,2.08,2.01,3.79,3.73,3.78,3.88,1.22,1.26,0.88,3.27,1.02,0.64,0.41,0.65,7.6,1.14,3.4,2.62,0.63,0.58,3.42,3.87,0.79,16.27,1.85,10.51,4.82,2,1.15,0.3,0.9,0.78,0.33,1.13,0.06,0.05,0.21,0.01,0.02,17.47,3.7,10.87,0.25,0.48,0.25,0.13,0.59,1.16,0,0.02,0.02,6.67259320113482,0.796871657754011,1.83,2.72,4.81,9.28,15.72,8.37,4.35,1.11,43.38,26.15,74.596871657754
"keller_sinngedicht_1882_de.txt",1,88262,74.09,71.23,22.56,53.54,26.77,26.15,81.66,54.73,15.61,10.28,1.9,0.37,0.55,0.17,0.38,0,6.66,6.55,3.23,4.37,11.69,11.95,6.51,4.45,13.93,1.5,14.03,7.32,2.61,1.61,0.68,2.17,5.78,3.61,2.16,0.41,0.39,0.93,14.58,0.79,0.28,0.65,2.2,13.47,1.97,1.79,2.13,2.67,2.78,4.57,3.01,1.27,1.02,0.49,2.54,1.27,0.49,0.24,0.3,5.88,1.13,2.69,1.73,0.46,0.41,6.95,2.17,0.61,19.12,2.5,10.86,6.89,1.52,0.78,0.49,0.55,0.6,0.18,1.05,0.06,0.06,0.15,0.02,0.02,14.61,2.93,8.91,0.2,0.74,0.25,0.63,0.07,0.62,0.26,0.01,0.01,4.54820738126981,0.783169642857143,3.92,2.3,5.05,5.34,16.14,6.42,3.34,0.78,38.24,24.03,68.4631696428571
"conradi_adam_1889_de.txt",1,93930,36.22,74.86,15.14,36.66,11.19,24.51,81.35,53.73,17.33,11.88,2.34,0.53,1.03,0.67,0.36,0,6.71,6.54,2.56,4.22,8.9,9.33,8.02,6.13,11.97,1.74,14.4,7.36,1.8,1.26,0.53,2.9,6.72,3.74,2.9,0.53,0.67,1.16,15.67,0.54,0.24,0.51,2.63,15.27,2.21,1.94,2.71,3.56,3.47,4.1,2.75,0.87,0.78,0.8,3.23,1.33,0.63,0.46,0.45,6.19,1.15,2.53,2.3,0.39,0.35,6.2,3.33,0.84,18.19,2.07,10.16,7.03,1.44,0.66,0.23,0.43,0.99,0.16,2.25,0.12,0.17,0.61,0.19,0.12,22.98,9.13,7.92,0.38,0.05,1.05,2.05,0.2,1.69,0.49,0,0.02,7.91704724638118,0.743387096774194,3.92,2.87,4.75,6.1,14.68,6.72,2.76,1.15,38.2,28.76,60.0333870967742
"kafka_kuebelreiter_1917_de.txt",1,811,81.3,62.23,58.7,11.5,26.16,19.36,85.45,55.49,16.89,13.32,6.91,0.62,1.97,1.6,0.37,0,3.7,3.7,1.36,3.08,12.08,10.6,8.01,3.33,8.51,2.22,16.03,7.03,1.6,0.62,1.11,3.95,5.55,2.59,2.96,0.12,0.74,1.73,15.17,1.36,0,1.23,1.23,13.19,1.36,1.36,2.71,1.11,4.81,3.45,4.81,0.99,3.08,0.62,4.69,1.85,0.62,0.37,0.37,6.91,1.23,2.96,3.08,0.12,0.12,1.23,9.99,0.49,18.13,2.34,11.1,5.92,2.71,0.62,0.62,2.59,0.37,0.25,2.47,0,0.25,0.37,0.12,0,25.28,4.69,8.26,0.12,4.56,0.49,0.62,0,6.17,0.12,0,0.25,9.58396285219857,0.793601930932046,3.82,3.21,4.19,5.18,18.13,7.51,6.54,0.62,45.01,24.3,71.963601930932
"lasswitz_seife_1890_de.txt",1,53831,66.39,71.46,21.61,61.84,16.04,25.87,81.61,54.97,16.82,10.44,2.84,1.25,0.74,0.51,0.24,0,4.81,4.71,2.32,4.99,12.15,10.03,7.61,4.47,11.67,1.91,15.1,5.97,2.02,1.8,0.77,2.31,5.44,3.59,1.84,0.3,0.4,0.75,14.63,0.44,0.24,0.24,1.46,15.37,2.7,2.14,2.78,2.78,3.51,4.27,2.74,1.04,0.97,0.49,2.98,1.01,0.51,0.3,0.33,7.17,1.99,2.93,2.02,0.52,0.45,5.2,4.31,0.79,16.41,2.11,9.88,5.35,2.19,0.82,0.2,0.56,0.62,0.21,1.37,0.04,0.08,0.23,0.07,0.01,17.86,4.79,8.72,0.27,0.55,0.7,0.77,0.09,1.62,0.29,0.04,0.01,8.16977769237217,0.793623376623377,2.38,2.15,5.76,5.04,14.49,7.91,3.77,0.83,36.57,26.87,60.7936233766234
"schubin_vollmondzauber01_1899_de.txt",1,28222,82.61,77.4,8.28,44.62,16.32,25.67,80.75,53.83,16.19,10.92,1.64,0.16,0.7,0.27,0.43,0,7.23,7.02,3.48,4.44,12.51,11.38,7.55,4.73,9.51,1.75,14.46,7.32,2.01,1.3,0.55,2.79,6.34,3.73,2.6,0.36,0.49,1.05,16.58,0.84,0.4,0.64,2.61,13.72,2.17,1.46,2.14,2.96,3.33,3.94,3.07,1.13,1.07,0.55,3.03,1.52,0.6,0.29,0.27,5.79,1.06,2.46,2.05,0.43,0.26,6.97,2.52,0.57,17.33,1.97,10.65,5.75,1.13,1.16,0.38,0.44,0.55,0.29,1.33,0.05,0.17,0.26,0.17,0.07,19.98,5.09,10.3,0.32,0.17,0.38,1.05,0.1,1.91,0.47,0.02,0.17,8.84549563567673,0.78365141955836,4.49,2.68,4.99,5.63,15.37,6.26,3.11,0.84,38.38,25.27,63.0136514195584
"storm_doppelgaenger_1887_de.txt",1,19723,51.95,76.63,31.46,32.5,18.48,18.43,84.78,57.16,18.56,13.74,3.22,0.61,1.35,0.97,0.38,0,8.18,8.1,3.23,3.62,11.13,11.32,7.88,5.09,12.75,1.68,16,6.66,2.05,1.42,0.42,1.58,4.94,2.79,2.1,0.4,0.34,0.87,17.96,1.05,0.48,0.53,3.16,12.34,1.6,1.46,2.34,2.03,2.73,4.67,3.77,1.27,1.68,0.64,3.85,2.04,0.74,0.33,0.48,5.76,1.59,2.27,1.68,0.37,0.22,8.82,2.86,0.63,21.09,2.57,11.3,8.2,1.06,0.81,0.57,0.61,0.57,0.24,1.81,0.08,0.07,0.29,0.03,0.04,20.15,3.28,8.06,0.56,2.56,0.58,1.62,0.1,2.68,0.71,0,0,6.74016672157411,0.78770137524558,5.22,3.59,4.04,4.4,17.46,6.13,3.05,0.81,40.66,23.18,58.1377013752456
"grillparzer_spielmann_1847_de.txt",1,15742,71.19,51.64,70.92,35.82,16.08,23.05,83.93,55.61,16.43,11.88,5.91,0.29,0.35,0.02,0.33,0,4.92,4.83,2.6,3.51,11.31,11.69,6.34,5.03,12.74,1.58,14.82,6.52,2.12,1.45,1.2,2.49,4.73,2.75,1.94,0.35,0.49,0.79,13.08,0.91,0.29,0.36,1.97,13.93,1.98,1.84,2.51,2.46,2.67,4.43,3.37,0.71,2.03,0.45,2.77,1.28,0.63,0.22,0.32,5.76,1.25,2.91,1.42,0.37,0.38,8.04,2.1,0.53,20,2.82,11.43,7.22,1.81,1.47,0.68,0.77,0.59,0.17,1.44,0.01,0,0.2,0.03,0.01,17.64,5.23,9.5,0.18,0.4,0.51,0.48,0.16,0.02,0.24,0.01,0.91,5.68356047105436,0.797412244897959,3.53,2.45,4.71,4.38,17.44,6.33,4.73,0.76,39.62,24.99,57.767412244898
"wassermann_moloch_1902_de.txt",1,79019,73.77,80.69,7.72,24.18,15.33,24.27,82.31,52.35,16.61,11.53,1.27,0.23,0.78,0.47,0.3,0,8.03,7.9,2.85,4.2,10.51,11.68,7.37,3.86,11.28,1.52,16.26,6.21,1.93,1.52,0.63,2.1,6.06,3.18,2.84,0.58,0.5,1.14,16.85,0.62,0.26,0.45,3.11,12.66,1.95,1.67,2.05,2.46,2.72,3.72,3.99,1.73,1.43,0.6,4,2.29,0.59,0.39,0.4,5.52,0.92,2.66,1.67,0.42,0.36,8.32,2.83,0.65,18.77,2.97,10.99,6.25,1.57,0.99,0.73,0.58,0.71,0.2,1.07,0.05,0.05,0.16,0.05,0.02,20.51,6.74,8.73,0.28,0.44,0.66,0.18,0.32,3.06,0.05,0.01,0.04,6.59260867449018,0.785970873786408,4.44,3.67,4.83,5.4,17.72,6.03,3.87,0.91,42.04,22.05,61.0559708737864
"akunian_fluegel_1895_de.txt",1,73677,32.21,77.26,10.01,49.68,14.2,21.8,83.53,55.3,17.93,12.2,2.73,0.44,1.83,1.26,0.57,0,6.79,6.64,3.53,4.53,9.22,9.6,8.69,5.13,12.75,2.22,16.05,7.29,2.06,1.58,0.75,2.77,6.64,3.98,2.67,0.51,0.6,1.22,17.45,1.25,0.27,1.13,2.09,14.87,2.1,1.88,2.9,3.29,3.58,4.38,3.56,1.23,1.36,0.64,3.58,1.58,0.52,0.34,0.4,6.02,1.35,2.56,1.89,0.4,0.29,6.08,4.68,0.75,16.76,2.06,9.08,6.55,1.25,0.78,0.39,0.48,0.55,0.11,2.43,0.09,0.29,0.53,0.22,0.1,21.61,4.5,10.61,0.36,0.5,1.15,1.43,0.08,2.21,0.72,0.02,0.01,8.07162593267445,0.793977086743044,4.74,2.84,5.28,6.31,14.37,6.49,2.9,0.66,38.31,28.25,58.933977086743
"may_wuste_1892_de.txt",1,147640,37.89,77.04,31.53,36.64,19.53,19.87,83.06,57.67,20.19,14.13,4.55,1.33,2.98,2.37,0.61,0,5.01,4.83,1.93,5.16,9.92,9.85,9.19,4.08,11.07,1.82,17.34,5.01,1.71,2.19,1.1,2.1,4.41,2.6,1.76,0.23,0.6,0.47,15.96,0.59,0.21,0.16,2.01,12.92,2.03,1.71,2.6,2.43,2.95,4.07,2.48,0.92,0.96,0.38,2.91,1.02,0.37,0.27,0.36,6.74,2.03,2.32,2.09,0.46,0.51,5.93,5.47,1.12,16.93,2.85,10.21,5.09,1.26,1.06,0.31,0.47,1.2,0.43,1.47,0.09,0.16,0.4,0.07,0.02,28.95,6.02,7.94,0.29,0.78,1.8,1.39,1.31,8.57,0.11,0.01,0.72,7.88236422426955,0.783869346733668,2.97,2.02,6.26,3.9,15.32,7.41,3.1,1.63,36.35,23.79,69.5338693467337
"achleitner_tann_1897_de.txt",1,53743,96.83,73.46,10.58,20.6,16.12,26.74,74.35,48.9,9.95,5.84,0.85,0.25,0.79,0.49,0.3,0,3.21,3.18,1.06,2.95,12.96,11.62,6.73,3.2,11.41,1.22,13.2,5.43,1.54,1.32,0.41,1.46,6.02,3.06,2.9,0.55,0.79,0.86,10.74,0.51,0.16,0.28,1.33,10.31,1.35,1.44,1.85,1.74,2.45,2.78,2.63,0.69,1.06,0.67,3.55,1.42,0.69,0.43,0.36,5.27,1.08,2.16,1.85,0.34,0.43,2.28,5.69,1.11,16.61,2.6,9.81,5.29,1.54,0.73,0.59,0.53,1.18,0.4,1.57,0.07,0.15,0.2,0.05,0.06,20.15,3.84,7.87,0.51,0.48,0.51,1.99,0.47,2.94,0.85,0.09,0.6,7.08648840799689,0.784676145339652,2.28,2.9,3.36,5.26,14.83,5.86,3.39,1.58,36.1,17.49,63.9946761453397
"heyking_erzaehlungen_1918_de.txt",1,23743,84.01,77.81,26.83,58.53,22.09,27.39,81.01,52.8,12.64,6.8,0.22,0.08,0.62,0.11,0.52,0,5.47,5.21,3.82,4.94,11.25,11.7,6.92,5.3,12.51,0.96,13.36,8.36,2.36,1.26,0.68,3.18,5.42,3.53,1.9,0.41,0.39,0.72,13.51,1.14,0.24,0.43,1.09,14.78,1.82,1.66,2.88,3.6,3.24,3.86,3.03,1.28,0.83,0.63,2.19,0.81,0.86,0.17,0.3,6.79,1.21,3.16,2.08,0.42,0.39,8.5,1.14,0.5,21.7,2.19,12.61,8.15,1.35,1.01,0.52,0.33,0.75,0.36,1.5,0,0.03,0.56,0.05,0.02,15.55,4.24,10.09,0.22,0.2,0.13,0.17,0.07,0.42,0.03,0,0,8.17541876485198,0.797470930232558,2.9,2.14,5.62,5.05,17.54,7.26,3.21,1.11,39.21,26.5,66.3874709302326
"achleitner_bergrichters_1900_de.txt",1,45732,94.63,69.23,18.2,32.83,13.07,28.58,77.68,49.74,11.38,6.47,1.61,0.23,0.64,0.44,0.19,0,3.25,3.16,1.22,3.74,13.25,11.11,7.25,3.64,10.38,1.76,14.42,5.62,1.55,1.37,0.77,1.93,5.49,3.07,2.38,0.47,0.55,0.94,11.6,1.12,0.17,0.53,1.7,13.29,2.06,1.91,2.19,2.33,3.18,3.17,2.31,0.8,0.87,0.42,2.46,0.91,0.61,0.28,0.33,6.89,1.05,2.51,2.78,0.45,0.65,4.75,4.06,0.98,16.67,2.6,9.57,5.76,2.62,0.54,0.46,0.87,0.9,0.28,1.74,0.03,0.16,0.41,0.08,0.13,21.73,4.24,7.51,0.26,0.17,0.88,2.64,0.24,4.48,0.87,0.2,0.22,5.244061955931,0.76774269005848,3.52,2.13,4.51,5.03,14.26,7.44,4.49,1.18,38.05,22.17,64.5577426900585
"preuschen_yoshiwara_1920_de.txt",1,20686,68.85,84.09,6.32,74.23,14.25,23.3,80.39,52.49,16.34,11.33,1.29,0.25,1.71,0.66,1.05,0,8.14,8.01,6.06,4.05,9.74,11.07,6.89,4.07,12.06,1.13,14.22,7.4,2.25,1.51,0.93,2.63,5.93,4.06,1.82,0.33,0.33,0.78,16.41,0.58,0.18,0.98,1.1,13.11,1.73,1.97,2.4,2.57,3.07,3.49,3.39,1.39,0.92,0.67,3.07,1.28,0.6,0.37,0.45,6.1,0.98,3.05,1.92,0.4,0.22,7.6,2.5,0.77,19.17,2.39,10.84,6.97,1.24,0.97,0.38,0.53,0.99,0.3,1.17,0.01,0.08,0.16,0.03,0.01,19.18,6.33,9.18,0.15,0.12,0.52,0.25,0.16,1.95,0.31,0.21,0,5.35211339878347,0.78136,2.84,2.7,4.98,5.5,16.21,6.57,3.12,1.29,38.23,23.06,57.67136
"walser_prosastcke_1917_de.txt",1,11428,46.9,68.92,20.86,75.35,24.21,25.96,85.2,54.84,16.28,10.62,3.43,0.63,0.63,0.42,0.21,0,5.32,5.24,1.52,4.63,9.65,10.32,7.5,4.37,14.81,1.61,14.47,9.72,2.49,1.79,0.43,2.99,10.6,6.41,4.12,0.63,0.93,2.09,14.6,0.55,0.32,0.39,2.28,14.44,1.76,1.94,2.39,3.4,3.59,3.95,3.64,1.13,1.16,0.8,3.7,1.42,0.75,0.39,0.51,7.19,1.45,3.38,2.14,0.54,0.4,6.13,3.12,0.67,17.11,2.14,10.33,5.72,1.51,1.07,0.44,0.77,0.52,0.32,1.32,0.06,0.15,0.17,0.04,0.01,17.58,3.96,10.98,0.32,0.08,0.47,0.22,0.37,1.14,0.03,0.02,0.01,5.74544315710334,0.78848200312989,3.54,3.07,5.06,10.06,15.56,7.91,3.79,0.84,44.77,26,68.7084820031299
"hesse_rad_1906_de.txt",1,49067,77.33,76.23,12.19,33.23,20.61,25.29,82.41,52.3,13.22,8.21,0.43,0.09,0.65,0.53,0.12,0,6.14,6.08,1.04,4.29,10.75,11.26,6.99,4.29,13.52,1.47,14.28,8.18,2.08,1.11,0.75,2.75,6.55,3.63,2.91,0.65,0.53,1.14,13.61,0.46,0.45,0.17,3.26,12.45,1.61,1.47,1.98,2.74,2.83,3.71,3.5,1.3,1,0.88,3.47,1.62,0.77,0.39,0.72,5.7,0.89,2.74,1.7,0.33,0.44,8.25,1.92,0.58,19.27,2.45,10.67,7.33,2.29,1.14,0.58,0.4,0.64,0.23,1.39,0.06,0.1,0.24,0.04,0.05,16.98,4.95,8.42,0.13,0.19,0.41,0.28,0.22,1.94,0.27,0,0.17,4.67905543304047,0.777255639097744,4.34,3.5,5.04,5.95,16.3,6.1,4.41,0.87,41.47,22.85,63.8972556390977
"schubin_vollmondzauber02_1899_de.txt",1,29393,84.55,77.2,12.53,32.05,15.36,23.99,79.88,52.94,15.77,10.56,1.54,0.13,0.95,0.48,0.46,0,6.86,6.73,3.44,4.31,12.41,11.11,7.37,4.05,9.84,1.66,14.36,6.9,1.79,1.39,1.65,2.48,5.88,3.26,2.59,0.56,0.55,0.89,15.56,0.8,0.45,0.67,2.07,12.72,1.92,1.6,2.22,2.44,3.04,3.72,3.27,1.28,1.08,0.66,3.7,1.74,0.94,0.31,0.28,5.39,1.05,2.32,1.79,0.41,0.27,7.02,2.83,0.7,18.79,2.39,11.13,6.48,1.05,1.09,0.46,0.38,0.71,0.38,1.43,0.05,0.1,0.25,0.12,0.05,22.19,5.58,10.7,0.18,0.27,0.57,0.6,0.04,1.84,0.55,0.01,1.85,9.71979433162993,0.797715877437326,3.99,3.27,5.96,5.26,16.54,5.84,2.98,1.09,38.97,23.13,62.5877158774373
"kafka_hungerknstler_1924_de.txt",1,13107,31.86,67.02,23.71,42.76,35.42,26.07,86.95,58.58,17.41,10.03,1.46,1.26,0.6,0.05,0.56,0,5.97,5.91,3.72,6.27,9.43,10.89,8.77,6.57,12.86,2.7,15.23,7.52,2.44,1.45,0.66,3.3,6.23,3.63,2.56,0.52,0.61,0.85,15.71,0.37,0.13,0.21,0.97,20.26,2.69,2.31,3.82,4.52,4.93,6.75,2.98,0.69,1.64,0.44,3.91,1.01,0.66,0.22,0.88,7.5,1.66,3.27,2.3,0.5,0.55,4.11,4.69,0.83,17.89,1.71,10.55,6.78,1.63,1.3,0.09,0.4,0.24,0.08,1.19,0.01,0.02,0.3,0.01,0,16.31,2.63,11.24,0.07,1.28,0.24,0.04,0.03,0.34,0.01,0,0.44,2.83160697457262,0.740202702702703,1.68,2.77,6.93,5.61,15.03,8.28,3.42,0.32,37.11,37.59,78.8402027027027
"stifter_nachsommer_1857_de.txt",1,248181,63.79,62.7,72.31,83.6,25.98,23.06,85.5,58.98,17.59,11.46,4.69,1.25,0.92,0.25,0.67,0,4.36,4.23,2.29,5.13,11.44,11.67,8.6,4.22,12.18,1.42,16.48,7.03,2.8,1.67,0.48,2.58,4.75,3.72,1.01,0.11,0.17,0.44,13.12,0.8,0.53,0.34,1.3,14.86,2.04,2.15,2.38,3.42,2.97,4.57,2.95,1.47,0.81,0.45,2.04,0.63,0.41,0.28,0.23,7.43,2.37,3.25,1.58,0.48,0.28,8.26,2.92,0.81,20.49,2.56,12.65,6.32,2.04,0.92,0.88,0.45,0.4,0.13,0.83,0,0.02,0.13,0,0,15.89,4.14,9.76,0.1,0.23,0.09,0.02,0.1,1.34,0,0,0.11,5.37767564697138,0.76530303030303,2.97,1.55,5.61,4.44,17.94,7.96,4.29,0.53,39.68,25.75,65.825303030303
"stifter_buntesteine_1853_de.txt",1,97051,77.02,71.45,34.43,50.31,26.46,21.3,84.09,57.83,15.3,9.21,2.01,0.69,0.36,0.2,0.16,0,5.46,5.25,2.56,4.85,13.35,11.09,8.34,3.61,13.33,1.42,16.32,6.33,2.38,1.36,0.44,2.37,3.85,2.57,1.24,0.2,0.22,0.44,13.9,1.26,0.22,0.63,2.01,12.94,1.37,2.07,2.44,2.99,2.89,4.21,3,1.29,0.92,0.58,2.39,0.86,0.43,0.24,0.48,6.4,1.71,2.75,1.75,0.3,0.3,9.22,2.39,0.64,20.64,3.1,12.53,6.2,1.49,0.88,0.96,0.4,0.62,0.26,0.77,0.01,0.01,0.14,0,0,16.19,4.03,10.1,0.17,0.36,0.07,0.02,0.2,1.2,0.02,0,0,6.83007910665035,0.789282511210762,4.12,2.01,5.29,3.43,18.42,6.81,3.73,0.88,39.4,23.37,64.8792825112108
"hauptmann_bahnwaerter_1892_de.txt",1,15325,89.46,82.47,7.27,22.27,16.29,25.46,80.01,52.21,15.37,10.21,0.17,0.01,0.47,0.22,0.25,0,8.18,8.12,1.71,4.2,12.23,12.01,6.12,3.94,10.95,1.01,13.72,7.05,2.17,1.77,0.66,2.11,5.03,2.64,2.39,0.57,0.55,0.78,14.94,0.63,0.08,0.33,3.59,11.44,1.64,1.87,1.6,2.16,2.54,2.88,3.75,1.45,1.27,0.82,3.82,2.41,0.59,0.42,0.41,5.21,0.57,2.85,1.57,0.31,0.38,8.46,1.43,0.41,20.62,3.11,12.07,6.76,1.04,1.01,0.35,0.37,0.76,0.28,0.95,0.03,0.08,0.16,0.01,0.01,17.77,5.88,9.96,0.32,0.33,0.26,0.34,0.07,0.55,0.05,0,0.01,5.39467253903542,0.763055555555556,4.63,3.83,4.86,4.54,18.72,5.68,2.77,1.04,41.21,19.75,60.4430555555556
"einstein_bebuquin_1912_de.txt",1,12990,84.17,72,17.13,14.85,15.23,26,81.66,52.97,16.52,10.92,2.76,0.74,1.02,0.65,0.37,0,5.35,5.22,2.76,4.37,13.33,9.96,7.03,3.61,9.81,1.64,14.73,6.01,1.81,1.19,0.72,2.49,6.29,3.06,3.2,0.35,0.84,0.96,13.63,0.41,0.1,0.32,1.66,13.73,2.56,1.74,1.91,2.16,3.62,3.49,3.73,1.47,1.37,0.58,4.15,1.64,0.79,0.44,0.3,5.99,1.22,2.85,1.75,0.31,0.42,5.11,4.93,0.81,16.28,2.4,10.06,4.94,1.56,1.1,0.29,0.63,1.07,0.86,1.13,0.12,0.41,0.19,0.03,0,22.19,7.37,10,0.48,0.92,0.28,0.07,0.05,2.92,0.08,0.02,0.01,8.01588333973317,0.797338129496403,2.49,3.17,5.09,5.21,15.88,6.55,3.58,1.93,38.81,23.22,64.4073381294964
"storm_riew_1885_de.txt",1,39941,58.64,75.88,21.89,34.79,16.47,17.48,82.3,55.76,17.66,13.15,3.35,0.56,1.82,0.97,0.86,0,7.33,7.24,3.57,3.39,11.22,10.82,7.5,4.38,12.87,1.67,15.41,6.32,2,1.36,0.46,1.49,4.67,2.72,1.95,0.37,0.4,0.78,16.93,0.94,0.25,0.62,2.92,11.38,1.28,1.59,2.39,1.73,2.66,4.55,4.04,1.35,1.7,0.71,4.24,2.24,0.72,0.38,0.46,5.11,1.3,2.06,1.58,0.23,0.21,8.55,3,0.56,19.22,2.68,10.73,6.73,0.84,0.88,0.59,0.54,0.76,0.31,1.85,0.07,0.19,0.33,0.06,0.02,21.18,3.29,7.92,0.59,2.9,0.73,2.1,0.21,2.74,0.71,0,0,6.95376950097949,0.790391459074733,4.73,3.8,3.85,4.27,17.17,5.38,2.85,1.07,39.27,21.74,56.2503914590747
"spyri_heidilehr_1880_de.txt",1,51339,36.21,77.38,38.34,63.37,24.29,17.72,84.88,56.8,15.1,8.33,1.39,0.24,1.47,1.09,0.38,0,4.86,4.81,1.67,5.42,10.05,10.28,8.76,5.2,16.28,1.96,17.42,7.06,1.98,1.58,0.5,3.32,4.79,3.29,1.49,0.34,0.29,0.63,15.25,0.74,0.24,0.29,2.08,14.4,1.64,1.85,2.66,2.78,4.22,4,3.67,1.38,1.64,0.48,2.75,1.08,0.48,0.24,0.42,5.77,1.12,2.5,1.89,0.34,0.38,8.05,4.45,0.69,21.45,2.87,11.59,8.17,1.11,0.86,0.81,0.29,0.77,0.08,2.32,0.01,0.06,0.3,0.1,0.02,20.51,3.12,9.83,0.55,0.86,0.67,0.69,0.47,3.88,0.37,0.06,0,6.16153803170836,0.783931034482759,3.35,2.22,5.92,4.55,17.96,6.23,3.07,0.85,38.23,27.63,63.6039310344828
"schreiner_halket_1898_de.txt",1,21640,55.94,74.42,14.61,25.33,17.33,19.15,84.81,58.06,17.48,11.54,2.15,0.72,0.99,0.6,0.4,0,6.95,6.73,2.93,4.79,11.85,10.9,8.52,4.58,12.82,1.99,16.76,6.04,1.94,1.58,0.85,2.36,4.66,2.51,2.13,0.24,0.49,0.69,16.37,0.7,0.27,0.37,2.71,13.86,1.61,1.73,2.95,3.25,3.04,4.8,3.49,1.33,1.2,0.73,3.39,1.62,0.4,0.27,0.5,6,1.45,2.27,2.04,0.35,0.3,6.92,3.98,0.79,18.61,2.44,11.56,5.8,1.33,0.77,0.17,0.82,0.73,0.43,1.25,0.12,0.09,0.23,0.01,0.04,17.7,4.4,7.91,0.65,0.87,0.99,0.63,0.05,1.86,0.26,0.05,0.03,5.89445864572928,0.755227882037534,4.05,2.79,5.64,3.93,17.26,6.41,3.09,1.16,38.69,26.31,55.1652278820375
"schnitzler_casanova_1918_de.txt",1,35931,73.91,75.52,21.07,47.46,26.15,25.61,82.42,55.22,16.48,11.61,1.57,0.27,0.64,0.27,0.37,0,8.15,7.9,2.89,4.32,10.54,12.97,7.23,4.96,11.54,1.71,14.29,7.01,2.84,1.42,0.67,2.21,5.37,3.28,2.04,0.38,0.53,0.76,16.44,0.53,0.41,0.33,2.9,14.31,2.02,1.77,2.16,3.05,3.09,4.62,2.82,1.11,1.05,0.42,2.46,1.37,0.39,0.3,0.23,6.16,0.91,2.98,1.75,0.59,0.5,7.02,2.1,0.81,20.49,2.26,11.77,7.66,1.57,0.98,0.65,0.7,0.72,0.18,1.27,0.04,0.06,0.26,0.01,0.02,21.17,4.05,10.69,0.24,0.91,0.65,0.33,1.63,2.36,0.2,0.07,0.02,6.96701677608692,0.749609375,4.17,2.29,4.99,4.95,16.61,6.73,3.9,0.9,39.55,25.59,73.939609375
"fontane_irrungen_1888_de.txt",1,51692,28.81,67.31,29.54,72.89,14.55,18.93,82.31,56.14,15.88,9.76,2.47,0.55,1.15,0.81,0.35,0,4.99,4.91,2.52,4.99,9.2,9.86,7.88,5.43,16.5,2.11,15.51,6.77,2.43,1.83,0.88,2.76,5.26,3.72,1.54,0.24,0.24,0.68,14.42,0.9,0.27,0.82,1.55,15.05,1.73,1.88,3.06,3.09,3.69,5.19,2.73,0.91,1.21,0.42,2.78,0.78,0.63,0.32,0.4,6.08,1.37,2.53,2.06,0.56,0.21,6.36,4.57,0.64,18.46,2.11,9.85,7.55,1.08,0.8,0.46,0.43,0.56,0.14,3.01,0.04,0.27,0.6,0.12,0.13,21.89,6.9,9.73,0.44,0.27,0.71,0.1,0.26,2.16,1.16,0.14,0,7.63042308958605,0.733969072164948,3.54,2.13,5.87,4.88,14.5,6.73,2.77,0.7,35.25,28.94,56.703969072165
"heiberg_todsunden_1891_de.txt",1,88325,50.36,77.84,13.66,47.58,17.7,25.48,83.88,55.91,17.59,12.64,2.23,0.42,1.2,0.63,0.56,0,8,7.79,3.93,4.01,9.16,11.59,7.79,4.85,12.48,1.89,15.44,6.07,2.04,1.33,0.45,2.45,6.07,3.64,2.4,0.52,0.55,0.94,17.76,1.17,0.18,0.74,2.41,15.16,2.35,1.85,2.92,2.83,3.28,4.63,2.85,0.98,1.13,0.51,2.62,1.13,0.52,0.34,0.21,6.57,1.34,2.58,2.22,0.56,0.45,6.65,3.04,0.87,18.77,2.5,10.46,6.89,1.66,0.61,0.45,0.75,0.81,0.24,1.77,0.02,0.07,0.4,0.06,0.04,21.69,4.48,10.26,0.34,0.32,0.67,0.79,2.07,2.17,0.36,0.01,0.22,8.2113925145567,0.754973800886739,4.5,2.2,4.46,5.65,15.58,7.15,3.47,1.05,39.6,27.05,66.0249738008867
"heiberg_charaktere_1901_de.txt",1,61758,43.15,79.82,15.91,63.18,16.12,25.47,84.18,56.59,18.69,13.77,3.01,0.51,1.75,1.2,0.55,0,7.65,7.36,3.8,4.17,8.62,11.32,8.43,4.96,11.48,1.8,16.1,5.52,1.98,1.23,0.44,2.39,5.76,3.77,1.97,0.36,0.41,0.76,18.89,1.34,0.27,0.89,2.76,15.85,2.53,2,3.05,2.77,3.58,4.67,2.29,0.68,0.95,0.42,2.15,0.76,0.42,0.25,0.18,7.48,1.73,2.92,2.47,0.69,0.4,6.28,3.67,0.95,17.94,2.3,9.79,6.78,2.26,0.6,0.36,0.98,0.83,0.1,1.75,0.01,0.09,0.45,0.13,0.04,22.99,4.73,9.61,0.41,0.1,0.5,1.34,2.92,2.8,0.28,0.01,0.3,10.3870389996103,0.758979591836735,5.26,1.61,4.61,5.3,14.14,8.21,4.2,0.93,39.65,27.75,65.7889795918367
"bonsels_maja_1912_de.txt",1,36675,48.15,78.47,10.7,54.61,18.26,19.97,84.71,56.23,18.06,12.27,2.18,0.37,1.07,0.37,0.7,0,7.99,7.75,5.8,4.79,10.58,9.72,8.08,4.86,11.93,1.71,16.64,8.44,2.01,1.53,0.63,2.73,7.16,4.33,2.84,0.71,0.64,1.11,17.15,0.12,0.17,0.24,1.14,14.57,2.37,1.76,2.69,3.47,3.27,4.08,4.65,1.72,1.93,0.65,3.21,1.5,0.44,0.31,0.31,6.85,0.8,3.2,2.75,0.53,0.53,8.13,3.44,0.74,18.4,2.46,11.23,5.87,0.92,0.74,0.2,0.26,0.37,0.37,1.69,0.01,0.19,0.23,0.16,0.03,22.34,6.09,9.75,0.32,0.05,0.69,0.27,0.1,4.98,0.09,0,0,5.88826464446545,0.787556818181818,1.67,2.56,5.42,6.79,17.99,7.81,2.12,0.74,39.68,26.94,61.5875568181818
"flaubert_november_1842_fra.txt",1,30412,74.86,57.84,62.93,66.67,16.76,21.66,84.86,55.95,19.66,14.34,6.68,0.51,1.02,0.54,0.47,0,5.64,5.54,3.17,4.38,11.56,12.03,6.58,3.45,10.93,1.14,14.7,6.86,2.31,1.54,0.57,2.42,7.71,4.81,2.87,0.46,0.59,1.44,12.92,0.48,0.27,0.34,1.15,12.68,2.38,1.81,2.2,2.91,2.57,3.27,4.28,1.72,1.01,1.09,4.9,2.72,0.7,1.07,0.45,5.64,1.4,2.74,1.21,0.46,0.27,6.74,2.81,0.79,19.36,2.91,11.56,6.2,0.95,1.17,0.4,0.55,0.69,0.48,0.8,0.06,0.06,0.08,0.17,0,17.64,5.25,9.57,0.25,0.8,0.46,0.64,0.03,0.59,0.03,0.02,0,5.78955290408473,0.782994923857868,2.24,4.94,4.95,7.3,18.29,6.08,3.07,1.17,43.09,22.15,56.9229949238579
"kafka_schloss_1925_de.txt",1,109536,23.12,71.51,18.9,31.79,22.27,21.89,87.31,59.25,17.64,11.24,2.13,0.62,1.39,1.03,0.36,0,6.31,6.13,2.86,5.49,8.95,10.55,10.27,6.7,12.58,2.58,18.4,6.73,2.37,1.42,0.85,3.16,5.46,3.05,2.4,0.46,0.46,1.01,17.43,0.52,0.22,0.26,2.27,19,2.4,2.06,3.84,4.21,4.52,6.23,3.09,1,1.57,0.37,2.57,0.92,0.39,0.16,0.21,6.94,1.51,3.12,1.94,0.49,0.5,7.17,4.63,0.88,17.49,2.15,10.02,6.55,2.1,0.54,0.62,0.41,0.39,0.05,2.61,0.01,1.2,1.61,0.03,0.01,22.42,4.9,12.1,0.21,0.58,0.61,0.16,0.02,3,0.01,0.01,0.83,5.06364021757617,0.787919799498747,3.27,1.68,6.34,4.98,15.11,7.56,3.67,0.44,36.71,35.7,68.9779197994987
"kafka_bau_1928_de.txt",1,12930,27.23,25.07,95.49,55.14,30.28,23.67,87.49,60.28,18.29,10.6,7.21,0.07,0.15,0.04,0.11,0,2.51,2.43,0.77,6.51,9.75,10.69,9.57,6.58,12.76,2.38,16.13,7.66,2.51,1.25,0.89,3.5,5.58,3.54,2.03,0.5,0.4,0.76,9.27,0,0.19,0,0.39,20.76,2.84,1.89,4.18,5,5.01,6.51,2.25,0.63,1.03,0.33,3.19,0.9,0.47,0.14,0.21,6.37,0.32,3.5,1.82,0.67,0.97,2.7,6.94,0.97,20.37,2.14,12.5,7.09,2.6,0.8,0.22,0.32,0.25,0.12,1.24,0.01,0.02,0.3,0.02,0,15.4,2.94,10.87,0.04,0.23,0.3,0.08,0.09,0,0,0.03,0.82,6.25535457646796,0.788198433420366,0.58,1.72,7.4,5.2,16.63,7.28,3.94,0.37,35.72,37.89,70.4381984334204
"mann_tonio_1903_de.txt",1,21416,66.56,75.91,6.05,46.85,18.29,24.66,81.97,54.29,16.02,10.46,1.55,0.15,0.53,0.33,0.2,0,7.26,7.13,2.11,4.63,10.35,11.3,6.94,3.94,13.58,1.42,14.21,6.9,1.67,1.42,0.35,2.26,6.45,3.83,2.62,0.46,0.51,1.19,14.89,0.45,0.24,0.23,3.15,12.77,1.84,1.8,2.1,2.55,2.84,3.54,3.74,1.42,1.07,0.86,3.78,1.74,0.62,0.5,0.54,5.47,1.03,2.63,1.53,0.42,0.32,6.58,2.65,0.41,17.46,2.49,11.06,4.83,1.67,1.33,0.51,0.37,0.65,0.15,1.43,0.05,0.04,0.35,0.05,0.03,22.53,6.15,11.49,0.16,0.44,0.55,0.6,0.83,1.56,0.06,0.08,0.61,7.07499727046922,0.772377049180328,4.07,3.4,4.98,5.99,16.9,5.93,3.88,0.8,40.97,22.29,66.6023770491803
"bierbaum_stilpe_1897_de.txt",1,59415,45.09,68.23,9.74,50.22,11.14,23.66,81.15,55.12,16.67,10.63,2.7,0.38,1.29,1,0.28,0,5.41,5.31,1.55,4.88,10.34,9.68,8.72,4.98,12.65,1.99,15.35,6.91,2.14,1.82,0.81,2.71,5.88,3.61,2.28,0.32,0.67,0.84,14.33,0.27,0.25,0.43,2.65,14.89,1.97,2.33,3.03,2.76,3.46,4.61,2.96,0.79,1.14,0.58,3.35,1,0.59,0.43,0.56,6.09,1.01,2.87,1.89,0.38,0.53,5.38,4.55,0.83,15.4,1.79,8.97,5.35,2.12,1.23,0.26,0.5,0.82,0.15,2.45,0.16,0.22,0.47,0.27,0.08,22,7.18,9.18,1.1,0.17,0.98,2.46,0.19,0.34,0.07,0.29,0.05,6.43527392286973,0.761567912488605,3.6,2.58,5.69,5.44,13.27,6.68,4.11,0.97,36.65,27.84,58.0315679124886
"walser_jakob_1909_de.txt",1,42290,14.81,62.35,48.5,61.51,12.64,22.39,85.7,57.33,19.9,12.56,5.9,1.22,1.45,1.33,0.13,0,3.54,3.49,1.14,5.86,8.41,8.75,8.91,5.79,13.41,2.07,16.09,8.08,2.18,1.92,0.4,3.67,7.55,4.63,2.89,0.45,0.81,0.96,14.46,0.37,0.17,0.26,1.93,16.58,2.49,2.21,2.84,4.4,4.06,4.03,3.54,1.15,1.31,0.64,4.19,1.37,0.67,0.35,0.39,7.44,1.92,2.91,2.39,0.45,0.37,3.2,7.15,1.04,16.12,1.82,9.77,5.5,1.69,0.85,0.38,0.6,0.89,0.22,2.23,0.16,0.14,0.55,0.07,0.04,23.78,7.29,12.09,0.53,0.01,0.88,0.16,1.27,1.18,0.26,0.09,0,5.35322860011037,0.776175824175824,2.73,2.78,6.26,6.85,14.69,8.04,3.52,1.11,39.72,31.56,60.1361758241758
"kraft_medizinmann_1896_de.txt",1,6940,67.29,70.06,22.53,25.68,15.56,24.32,80.97,54.15,14.93,9.86,1.6,0.58,0.73,0.12,0.62,0,6.04,5.82,2.1,4.44,11.8,10.48,8.27,4.84,12.39,1.92,16.35,6.15,2.25,1.48,0.81,2.42,4.88,2.65,2.25,0.42,0.81,0.58,13.78,0.89,0.24,0.27,2.81,13.31,1.56,1.74,2.84,2.58,3.03,4.57,2.59,1.15,0.86,0.42,3.04,1.38,0.71,0.19,0.32,6.53,1.46,2.51,2.03,0.4,0.66,8.1,3.2,0.63,19.81,3.36,11.33,6.3,1.37,0.58,0.52,0.37,0.35,0.56,1.5,0.14,0.1,0.33,0.09,0.14,19.88,5.59,10.26,0.04,0.06,0.94,0.26,0.03,2.49,0.22,0,0,7.33010866783725,0.772226935312831,4.21,2.6,5.25,4.46,17.12,7.06,2.84,0.91,39.2,25.5,60.8622269353128
"akunian_bittersuess_1891_de.txt",1,51138,41.42,75.19,13.23,44.51,14.9,19.83,82.39,54.88,17.67,12.91,3.21,0.44,1.4,0.76,0.64,0,7.51,7.38,3.31,3.79,9.9,9.57,8.29,4.67,12.73,1.91,16.31,7,2.03,1.54,0.6,2.15,6.38,3.73,2.6,0.45,0.47,1.22,16.87,0.81,0.4,0.51,2.75,13.07,1.76,1.99,2.28,2.49,3.15,4.09,4.18,1.51,1.71,0.65,3.94,1.87,0.73,0.32,0.43,5.51,1.34,2.32,1.62,0.33,0.32,6.69,4.55,0.65,17.79,2.45,9.81,6.58,1.08,1.05,0.55,0.44,0.4,0.17,2.33,0.06,0.33,0.4,0.16,0.08,22.49,4.38,10.64,0.44,0.52,0.9,1.52,0.04,2.12,1.92,0.01,0,7.0761686105151,0.757416267942584,4.47,3.35,4.39,5.87,16.13,5.93,3.12,0.57,39.44,24.49,58.3774162679426
"flaubert_salambo_1863_fra.txt",1,100414,98.28,79.02,9.6,11.26,13.46,27.76,75.96,51.2,13.64,9.28,0.5,0.08,0.83,0.44,0.39,0,6.85,6.59,3.38,3.62,13.94,13.27,5.18,3.12,9.96,0.9,12.09,5.24,1.73,1,0.9,1.95,4.76,2.17,2.56,0.51,0.85,0.83,12.57,0.36,0.09,0.17,1.8,9.62,1.11,1.56,1.6,1.79,2.05,2.74,2.76,1.1,0.82,0.62,3.22,2.11,0.5,0.32,0.45,5.55,0.62,2.61,2.07,0.32,0.43,7.41,1.21,0.46,20.14,2.93,13.21,5.37,1.21,0.9,0.2,0.49,0.84,0.5,0.65,0.07,0.11,0.06,0.04,0.02,18.11,7.06,7.79,0.28,0.04,0.19,0.96,0.35,1.21,0.03,0.07,0.12,6.27172018171785,0.736352941176471,2.42,3.38,4.52,4.36,18.68,6.05,2.8,1.34,39.03,16.82,60.1263529411765
"kafka_strafkolonie_1919_de.txt",1,10303,74.51,70.93,17.11,19.98,21.69,24.04,86.63,57.73,15.71,10.21,1.66,0.3,0.2,0.09,0.12,0,6.84,6.66,2.43,4.51,13.67,10.83,8.96,5,11.14,1.94,17.36,6.01,1.84,0.92,0.87,2.66,4.27,2.15,2.02,0.4,0.41,0.62,15.38,0.28,0.17,0.14,2.53,15.65,2.41,1.79,3.05,2.81,3.7,4.62,3.52,1.49,1.46,0.41,3.52,1.99,0.43,0.19,0.16,7.48,0.82,2.89,3.4,0.41,0.41,7.76,3.92,1.16,18.98,3.57,9.85,6.61,2.05,1.57,0.3,0.31,0.21,0.23,1.2,0.02,0.03,0.24,0.02,0,18.96,4.62,9.38,0.4,1.06,0.39,0.21,0.01,2.35,0,0.04,0.5,6.87368875617127,0.782890094979647,3.12,2.77,5.38,3.58,16.78,7.93,4.23,0.44,38.85,27.98,65.7128900949796
"strindberg_magd_1921_sca.txt",1,110064,77.76,75.46,5.78,33.6,14.23,24.36,85.38,55.59,14.74,8.98,0.39,0.14,0.35,0.23,0.12,0,7.09,6.98,1.67,4.5,13.12,11.4,9.58,3.97,11.66,1.93,17.5,6.5,2.14,1.1,0.93,2.13,6.12,3.43,2.7,0.43,0.72,0.95,16,1.17,0.49,0.44,4.02,14.71,2.16,2.07,2.82,2.43,3.13,4.87,2.48,0.85,0.81,0.54,3.16,0.96,0.86,0.32,0.43,7.3,1.56,3.04,2.42,0.44,0.47,8.92,3.34,0.9,17.41,2.22,10.11,6.03,3.11,1.34,0.56,0.65,0.96,0.24,1.04,0.06,0.06,0.28,0.03,0,19.45,6.22,8.56,0.33,1.35,0.51,0.46,1.23,0,0.04,0.18,0.56,6.28894829871028,0.757786697247706,6.12,2.57,5.43,5.53,14.53,7.93,5.66,1.2,43.54,25.51,59.0777866972477
"meyer_richterin_1885_de.txt",1,22446,69.07,84.37,5.56,24.61,11.45,22.34,79.11,54.06,18.68,13.57,2.94,0.27,3.28,2.58,0.7,0,6.59,6.55,3.03,3.74,12.59,9.63,7.13,2.41,11.96,1.69,14.96,4.66,1.41,1.27,0.39,1.16,5.75,3.03,2.67,0.55,0.76,0.86,17.49,1.16,0.24,0.9,2.49,10.1,1.51,1.57,1.5,1.58,2.45,3.39,3.31,1.11,1.53,0.49,3.8,2.13,0.33,0.34,0.3,5.44,1.4,2.05,1.76,0.33,0.31,6.01,4.96,0.33,15.16,2.55,9.47,4.13,1.03,0.59,0.19,0.5,1.22,0.36,0.85,0.08,0.06,0.09,0.02,0.01,26.26,6.05,8.94,0.5,0.01,0.98,1.86,1.1,6.55,0.27,0,0,5.30850124296599,0.758646080760095,4.79,3.1,4.13,5.2,15.15,5.85,2.31,1.58,37.98,17.26,60.8986460807601
"flaubert_schlichtes_1877_fra.txt",1,11516,96.39,88.18,1.7,19.87,17.74,24.35,80.64,53.05,17.03,12.45,0.16,0.02,0.99,0.01,0.98,0,10.63,10.55,7.01,3.81,13.78,13.25,5.22,2.59,9.6,1.01,13.1,5.08,1.5,0.86,0.95,1.88,4.48,2.3,2.17,0.39,0.43,0.89,17.64,1,0.18,1.12,1.85,9,1.24,1.29,1.21,1.78,1.83,2.69,2.71,1.09,1.01,0.43,3.3,2.01,0.71,0.33,0.5,5.21,0.71,2.09,2.11,0.28,0.32,8.9,0.69,0.43,20.09,3,12.41,6.01,1.18,1.17,0.96,0.62,0.92,0.41,0.69,0.05,0.05,0.05,0.05,0,18.67,5.47,9.18,0.3,1.54,0.09,0.64,0.22,1.02,0.12,0.09,0,6.10993620090996,0.742309523809524,4.15,3.55,4.76,4.01,17.94,5.51,3.93,1.33,40.42,15.52,61.5523095238095
"mann_tristan_1903_de.txt",1,13989,65.92,76.1,4.74,46.88,15.51,26.61,81.62,52.49,16.67,11.1,2.19,0.27,0.47,0.07,0.4,0,7.43,7.22,4.27,4.65,10.32,10.17,6.67,3.75,12.25,1.56,13.95,7.15,1.91,1.39,0.65,2.24,6.1,3.62,2.41,0.54,0.49,0.81,16.53,0.69,0.26,0.51,2.82,12.86,1.79,1.71,1.99,2.78,3.07,3.81,4.13,1.54,1.52,0.76,4.18,2.04,0.79,0.36,0.41,6.53,0.93,2.44,2.96,0.34,0.24,6.2,3.18,0.4,16.01,2.21,9.72,4.78,1.39,1.17,0.56,0.49,1.65,0.19,1.57,0.09,0.13,0.49,0.14,0.02,25.38,7.18,11.14,0.23,0.36,0.69,0.77,0.97,3.05,0.31,0.03,0.66,8.63985022571518,0.751228070175439,4.28,3.6,5.3,5.46,15.75,6.91,3.61,1.84,41.45,22.7,68.7412280701754
"kafka_verwandlung_1915_de.txt",1,19148,64.42,73.64,26.81,27.48,29.32,23.26,86.88,57.02,14.57,9.55,0.63,0.17,0.38,0.06,0.32,0,7.06,6.98,2.47,4.2,10.94,12.25,8.15,6.54,12.7,1.97,15.91,7.27,2.37,1.03,0.75,2.88,5.59,3.02,2.54,0.48,0.44,1.06,16.21,2.1,0.68,1.29,3.18,16.74,2.08,1.83,3.31,3.43,3.69,5.41,3.19,1.07,1.35,0.52,3.05,1.52,0.5,0.2,0.55,7.56,2.35,3.02,1.85,0.39,0.46,8.57,1.78,0.65,21.68,2.87,12.2,8.01,1.54,0.97,1.61,0.52,0.38,0.13,1.26,0.01,0.05,0.25,0.04,0.01,16.43,3.26,9.72,0.14,0.92,0.3,0.22,0.5,1.37,0.01,0,0,8.65796570691184,0.799583333333333,7.25,2.77,4.95,5,18.01,8.07,4.64,0.51,46.25,31.14,70.0595833333333
"raabe_stopfkuchen_1891_de.txt",1,63439,50.42,67.81,60.66,58.14,21.04,21.76,82.93,57.73,16.55,11.05,4.06,0.8,1.68,1.32,0.36,0,4.13,4.04,1.42,4.59,9.83,11.98,7.49,5.65,14.29,1.67,13.48,7.12,2.34,1.72,0.59,2.35,5.25,3.42,1.8,0.2,0.45,0.74,14.54,0.83,0.37,0.46,1.97,14.67,1.89,1.93,2.3,2.82,3.23,4.69,2.54,0.78,1.12,0.39,3.09,1.19,0.82,0.26,0.42,6.04,1.87,2.46,1.66,0.4,0.19,4.84,4.42,0.49,19.37,1.89,11.4,7.05,1.07,0.64,0.35,0.46,0.84,0.23,2.43,0.11,0.18,0.53,0.11,0.11,17.38,3.41,9.18,0.67,0.53,0.65,1.15,0.21,1.29,0.2,0.04,0.04,10.1153256613196,0.780809248554913,3.63,2.69,5.18,4.81,15.58,6.58,2.52,1.07,36.88,26.53,61.4908092485549
"bonsels_indien_1916_de.txt",1,67648,88.1,59.97,62.46,39.56,29,26.12,82.05,54.49,16.44,11.21,4.44,0.81,0.7,0.46,0.24,0,4.63,4.52,1.68,4.46,12.37,12.68,6.09,3.63,11.31,1.36,12.88,7.48,2.62,1.27,0.58,1.95,6.39,3.67,2.72,0.51,0.66,0.88,11.87,0.24,0.17,0.16,1.26,13.55,2.76,1.7,1.97,2.81,2.48,4.07,3.37,1.55,0.92,0.64,3.07,1.47,0.53,0.29,0.32,6.85,1.31,3.01,2.16,0.49,0.58,6.1,2.32,0.68,19.1,2.21,11.76,6.24,1.52,0.94,0.32,0.44,0.75,0.4,0.79,0.02,0.04,0.06,0.02,0.01,16.07,3.65,10.14,0.15,0.15,0.23,0.06,0.12,1.37,0.01,0,0.19,5.73053286676936,0.792357414448669,1.83,2.61,5.04,5.72,17.08,7.55,3.22,1.15,39.16,22.73,72.0423574144487
"walser_kleine_1914_de.txt",1,42141,59.73,61.8,53.63,98.27,16.75,21.49,85.9,55.72,17.12,11.23,5.11,0.17,1.03,0.77,0.26,0,4.38,4.28,1.87,4.89,11.15,10.59,7.52,3.95,13.52,1.45,14.34,9.58,2.49,1.96,0.33,2.57,8.89,6.61,2.28,0.34,0.45,1.05,12.98,0.63,0.38,0.47,1.56,12.92,1.87,2.21,1.9,2.68,2.99,3.24,4.91,2.06,1.04,1.08,4.18,1.4,0.65,0.66,0.6,6.46,1.21,3.04,2.02,0.47,0.32,5.54,4.25,0.71,18.78,2.29,11.59,5.89,1.2,1.42,0.5,0.61,0.68,0.22,1.22,0.06,0.13,0.12,0.02,0.02,19.47,5.51,11.9,0.2,0.17,0.41,0.13,0.46,0.28,0.21,0.02,0.17,8.26855440370655,0.791836734693878,3.04,3.31,5.22,8.45,18.06,7.06,3.73,0.9,44.55,22.86,58.6218367346939
"polenz_buettnerbauer_1895_de.txt",1,122688,83.36,80.19,6,50.85,12.79,24.19,80.63,53.33,14.77,9.43,0.6,0.19,0.37,0.09,0.29,0,7.24,7.11,2.31,4.13,12.3,11.56,8.3,4.38,10.33,1.68,15.89,6.49,1.84,1.34,0.5,2.49,5.26,3.29,1.93,0.33,0.42,0.68,16.28,1.28,0.32,0.54,3.56,13.4,1.91,1.78,2.26,2.7,3.02,3.58,2.64,1.05,0.88,0.46,2.68,1.19,0.65,0.24,0.39,6.26,1.34,2.79,1.86,0.43,0.36,8.78,2,0.66,18.42,2.28,10.92,6.27,1.91,0.77,0.5,1.01,0.58,0.14,1.81,0.06,0.13,0.27,0.06,0.15,18.57,6.71,8.28,0.28,0.42,0.28,1.1,0.05,0.91,0.53,0.01,0.01,7.27940011185993,0.782071428571429,5.7,2.47,4.63,4.72,15.59,6.78,4.19,0.72,40.17,23.8,56.6020714285714
