"Filename","Segment","WC","adverb","negate","quant","posemo","anx","anger","sad","family","friend","female","male","insight","cause","discrep","tentat","certain","differ","see","hear","feel","body","health","sexual","ingest","affiliation","achiev","power","reward","risk","motion","space","work","leisure","home","money","relig","death","exp_relate","exp_body","exp_imperson","exp_affect","exp_space","exp_drives","exp_concerns","exp_transc","experiential","epistemic"
"falke_nebel_1899_de.txt",1,38459,4.68,1.9,2.69,4.36,0.43,0.54,0.87,0.43,0.29,0.26,2.83,1.77,1.98,2.73,2.72,3.32,3.98,1.37,1.4,0.81,1.61,0.61,0.49,0.47,1.14,2.67,1.6,0.38,0.37,2.6,11.09,1.12,1.68,0.44,0.45,0.72,0.18,3.81,3.18,5.64,6.2,17.27,6.16,3.69,0.9,41.21,25.77
"walser_schlacht_1908_de.txt",1,2427,4.33,1.03,2.43,3.71,0.49,1.57,0.91,0.33,0.12,0.21,1.07,1.19,2.02,1.65,3.21,2.02,3.34,1.65,1.07,0.62,1.9,0.33,0.41,0.54,0.25,2.6,1.9,0.25,0.33,2.06,11.74,0.41,1.03,0.12,0.16,0.74,0.82,1.73,3.18,7.09,6.68,17.14,5.33,1.72,1.56,37.34,21.22
"andreas_fenitschka_1898_de.txt",1,36415,6.37,2.13,3.2,3.75,0.63,0.49,0.97,0.75,0.28,0.6,1.72,2.51,2.02,2.55,3.89,3.83,4.81,1.32,1.19,0.62,1.4,0.58,0.47,0.26,1.74,2.54,1.4,0.35,0.42,2.08,11.06,1.15,0.79,0.42,0.33,0.43,0.14,3.35,2.71,5.05,5.84,16.27,6.45,2.69,0.57,37.88,31.31
"meyer_pescara_1887_de.txt",1,37499,2.81,1.69,1.45,3.55,0.49,0.84,0.93,0.53,0.21,0.22,2.6,1.88,1.65,1.82,1.94,2.73,3.9,0.91,1.18,0.41,1.63,0.44,0.34,0.17,1.24,2.29,2.62,0.49,0.37,2.13,9.17,1.47,0.64,0.16,0.59,1.23,0.35,3.56,2.58,4.58,5.81,13.8,7.01,2.86,1.58,37.2,19.87
"musil_haus_1908_de.txt",1,6278,5.26,1.7,3.3,2.72,0.51,0.43,0.72,0.21,0.13,0.21,1.27,2.09,3.03,2.2,3.79,3.31,4.44,1.8,1.35,1.53,2.21,0.92,0.72,0.24,0.72,4.16,1.05,0.16,0.22,2.87,12.58,0.32,0.59,0.72,0.13,0.4,0.27,1.82,4.09,6.53,4.38,20.13,6.31,1.76,0.67,39.16,29.12
"schnitzler_else_1924_de.txt",1,14857,5.45,3.5,2.88,3.77,0.46,0.55,0.85,1.44,0.26,0.85,2.86,2.02,2.27,3.92,3.72,4.98,5.38,1.22,0.88,0.4,1.32,0.37,0.6,0.3,1.38,2.19,2.3,0.32,0.39,1.9,8.5,0.91,1.14,0.57,0.66,1.24,0.45,5.41,2.59,6.27,5.63,12.9,6.58,3.28,1.69,38.08,34.12
"dery_liebe_1896_de.txt",1,3578,3.49,1.93,2.38,5.98,0.64,0.75,0.95,0.06,0.31,0.03,0.7,1.82,2.88,1.17,1.9,3.88,2.77,1.96,1.57,1.03,2.12,0.78,0.89,0.48,5.45,3.44,1.48,0.64,0.36,2.15,10.34,0.61,1.29,0.11,0.59,1.84,0.53,1.1,4.27,5,8.32,17.05,11.37,2.6,2.37,47.08,22.22
"schubin_etiquette_1887_de.txt",1,14012,3.79,1.53,2.13,3.93,0.5,0.7,1.43,0.41,0.28,0.66,1.77,1.56,1.6,1.83,2.31,2.88,3.75,0.85,0.99,0.59,1.81,0.73,0.72,0.14,1.15,2.33,2.58,0.42,0.34,1.83,11.39,1.08,0.71,0.28,0.42,1.11,0.5,3.12,3.4,4.57,6.56,15.65,6.82,2.49,1.61,39.65,21.38
"mann_zauberberg_1924_de.txt",1,267069,4.34,1.59,2.13,3.27,0.36,0.48,0.76,0.56,0.23,0.28,2.36,2.08,1.89,2.13,2.84,3.07,4.25,1.02,1.1,0.57,1.69,0.73,0.33,0.42,1.04,2.72,1.88,0.39,0.39,1.94,10.38,1.85,0.83,0.29,0.45,0.77,0.25,3.43,3.17,5.18,4.87,15.01,6.42,3.42,1.02,37.34,24.32
"hesse_knulp_1915_de.txt",1,25674,5.26,2.24,2.84,3.85,0.34,0.27,0.92,0.42,0.52,0.28,2.48,2.01,1.99,3.09,3.28,3.64,4.58,1.6,1.39,0.59,1.42,0.79,0.42,0.59,1.25,2.45,1.37,0.32,0.37,2.44,9.98,1.27,1.25,0.67,0.37,0.47,0.23,3.7,3.22,5.18,5.38,16,5.76,3.56,0.7,38.32,28.93
"sapper_kriegsbuchlein_1914_de.txt",1,25088,4.5,1.85,3.03,3.62,0.49,0.45,1.02,2.08,0.33,0.97,2.52,1.59,1.61,2.89,2.79,3.49,3.98,0.86,1.45,0.45,0.87,0.39,0.19,0.44,3.29,2.78,3.36,0.63,0.61,3.07,10.85,1.88,0.8,0.56,0.64,0.74,0.75,5.9,1.89,5.62,5.58,16.68,10.67,3.88,1.49,46.09,25.73
"sapper_pfaffling_1907_de.txt",1,64049,5.38,2.22,2.91,3.76,0.36,0.26,0.84,2.39,0.4,1.2,2.94,1.81,1.89,3.3,3.29,3.87,4.72,0.98,2.14,0.45,0.72,0.35,0.16,0.34,2.47,2.76,3.04,0.48,0.3,2.67,10.26,1.93,1.35,0.92,0.5,0.92,0.08,6.93,1.57,5.41,5.22,16.5,9.05,4.7,1,44.97,29.39
"bonsels_himmelsvolk_1915_de.txt",1,47533,3.7,1.62,2.27,4.76,0.6,0.6,1.1,0.24,0.18,0.17,1.87,2.41,1.84,2.32,2.81,3.25,4.21,2.1,1.55,0.72,1.73,0.52,0.45,0.3,1.08,2.92,1.95,0.52,0.29,2.06,10.81,0.84,1.02,0.21,0.45,0.87,0.4,2.46,3,5.73,7.06,17.24,6.76,2.52,1.27,40.31,24.43
"strindberg_inselbauern_1918_sca.txt",1,48902,3.93,1.62,1.93,2.59,0.26,0.45,0.63,0.48,0.2,0.39,2.41,1.62,1.88,2.43,2.27,2.73,4.23,1.15,1.13,0.66,1.37,0.84,0.22,1.1,0.82,2.59,1.55,0.38,0.47,3.22,11.3,1.49,1.39,0.7,0.52,0.93,0.2,3.48,3.53,4.87,3.93,17.46,5.81,4.1,1.13,39.44,22.64
"lasswitz_planeten01_1897_de.txt",1,88310,4.57,1.72,2.21,3.05,0.28,0.27,0.68,0.17,0.22,0.09,1.42,2.24,1.9,2.68,2.81,3.09,4.33,1.28,1.01,0.45,1.04,0.3,0.2,0.26,1.92,2.94,1.75,0.49,0.55,2.91,12.24,1.97,0.59,0.31,0.32,0.26,0.08,1.9,1.8,5.2,4.28,17.89,7.65,3.19,0.34,37.05,25.55
"heiberg_grevinde_1898_de.txt",1,61179,4.5,1.62,2.14,3.72,0.37,0.54,0.86,0.86,0.27,0.54,1.59,2.5,1.91,2.66,2.46,3.12,4.4,0.9,1.09,0.51,1.13,0.51,0.37,0.23,1.55,2.68,2,0.57,0.36,2.41,10.54,1.85,0.63,0.41,0.66,0.52,0.14,3.26,2.24,4.91,5.49,15.45,7.16,3.55,0.66,37.81,25.31
"flaubert_schule_1870_fra.txt",1,139664,3.6,1.41,2.2,3.31,0.38,0.59,1.04,0.58,0.3,0.71,3.25,1.7,1.72,1.91,2.27,2.53,3.35,1.2,1.26,0.47,1.4,0.47,0.35,0.37,0.99,2.63,2.15,0.47,0.46,2.58,11.38,1.85,1.02,0.53,0.89,0.47,0.18,4.84,2.59,5.71,5.32,16.89,6.7,4.29,0.65,41.28,20.69
"kafka_betrachtung_1912_de.txt",1,5870,5.03,2.4,2.66,2.84,0.41,0.55,1.09,0.34,0.29,0.24,0.51,1.94,2.37,3.03,3.19,3.46,4.68,1.33,1.24,0.7,2.44,0.55,0.32,0.22,1.86,3.15,1.57,0.51,0.43,3.13,12.28,0.99,1.26,0.94,0.34,0.51,0.05,1.38,3.53,6.17,4.89,18.68,7.52,3.53,0.56,40.09,28.76
"walser_geschwister_1907_de.txt",1,87353,5.05,1.8,2.93,4.85,0.38,0.55,1.01,0.89,0.26,0.59,2.24,2.41,2.11,3.16,4.01,3.49,4.52,1.5,1.07,0.75,1.52,0.67,0.43,0.39,1.39,3.05,1.8,0.44,0.35,2.09,11.29,1.66,1.02,0.52,0.67,0.52,0.14,3.98,3.01,6.49,6.79,16.7,7.03,3.87,0.66,42.04,29.48
"musil_mann2_1930_de.txt",1,154272,5.53,2.06,2.73,3.37,0.4,0.55,0.82,0.78,0.33,0.37,2.17,3.25,2.22,2.93,3.7,3.71,5.33,0.94,1.16,0.6,1.17,0.67,0.37,0.19,1.45,3.12,1.81,0.4,0.44,1.94,9.9,1.84,0.58,0.31,0.39,0.65,0.26,3.65,2.4,6.21,5.14,14.54,7.22,3.12,0.91,36.98,31.46
"wassermann_vierzig_1913_de.txt",1,42053,3.4,1.71,1.9,3.07,0.61,0.62,1.08,0.71,0.23,0.44,2.94,2,1.6,2.01,2.21,2.93,3.85,1.32,1.13,0.57,1.9,0.59,0.47,0.33,1.11,2.64,1.8,0.48,0.45,2.53,10.41,1.52,0.96,0.68,0.55,0.58,0.33,4.32,3.29,5.05,5.38,15.96,6.48,3.71,0.91,40.05,21.61
"flaubert_leidenschaft_1839_fra.txt",1,12657,4.16,1.08,3.37,4.44,0.43,0.68,1.41,0.83,0.23,0.46,1.52,1.39,2,1.59,2.32,2.68,3.32,1.16,0.92,0.85,2.5,0.69,1.25,0.24,1.46,2.8,1.25,0.43,0.26,2.09,11.5,0.96,0.99,0.27,0.61,0.7,0.46,3.04,4.68,5.19,6.96,16.52,6.2,2.83,1.16,41.39,21.91
"kafka_prozess_1925_de.txt",1,71750,6.45,2.28,2.88,2.85,0.36,0.36,0.82,0.56,0.24,0.31,2.91,2.44,2.14,3.69,3.86,4.07,5.78,1.16,1.99,0.31,1.04,0.43,0.14,0.15,0.91,3.14,2.26,0.48,0.45,2.27,10.67,2.53,0.44,0.84,0.46,0.43,0.03,4.02,1.76,5.64,4.39,16.4,7.24,4.27,0.46,38.54,33.59
"dickens_zweist_1859_en.txt",1,135758,3.68,1.63,2.43,3.24,0.45,0.48,1.01,0.84,0.25,0.48,2.49,1.97,1.64,2.23,2.97,2.9,4.21,1.32,1.43,0.56,1.7,0.59,0.33,0.33,1.35,2.86,1.89,0.54,0.53,2.56,11.44,1.54,0.77,0.37,0.56,0.59,0.29,4.06,2.95,5.81,5.18,17.31,7.17,3.24,0.88,40.79,23.66
"eschstruth_katz_1886_de.txt",1,34807,3.47,1.13,1.3,4.15,0.58,0.7,1.11,0.38,0.2,0.32,1.7,1.13,1.79,1.22,1.43,2.21,2.05,1.57,1.46,0.79,2.2,0.58,0.61,0.46,0.96,2.25,1.7,0.51,0.5,2.73,9.64,0.93,0.99,0.13,0.48,1.54,0.28,2.6,3.85,3.36,6.54,16.19,5.92,2.53,1.82,39.45,15.73
"meyer_monchs_1884_de.txt",1,27577,2.71,1.41,1.38,3.07,0.51,0.87,1.02,0.95,0.33,0.49,2.56,1.55,1.41,1.53,1.88,2.18,3.79,0.92,1.08,0.59,1.79,0.51,0.34,0.28,1.42,2.27,2.14,0.29,0.35,2.47,9.16,1.35,0.65,0.28,0.58,2,0.37,4.33,2.92,5.06,5.47,14.22,6.47,2.86,2.37,38.64,17.84
"goethe_meisterlehr_1796_de.txt",1,194446,4.12,1.71,2.81,4.89,0.48,0.44,1.02,0.63,0.65,0.38,2.39,2.79,1.78,2.53,3.15,3.39,4.14,1.08,1.17,0.4,1.06,0.66,0.36,0.18,1.86,3.11,1.79,0.71,0.46,2.19,10.53,1.97,1.06,0.38,0.63,0.57,0.21,4.05,2.26,5.51,6.83,15.37,7.93,4.04,0.78,41.26,26.42
"dickens_weihnachts_1843_en.txt",1,27045,3.86,1.8,2.72,4.06,0.46,0.39,0.87,0.84,0.26,0.32,2.65,1.92,1.9,2.86,3.13,3.14,4.23,1.48,1.96,0.78,1.77,0.7,0.31,0.48,1.24,3,1.66,0.53,0.27,2.26,10.77,1.19,0.93,0.65,0.75,1.57,0.95,4.07,3.26,6.15,5.78,17.25,6.7,3.52,2.52,43.1,25.56
"flaubert_legende_1877_fra.txt",1,9222,2.59,0.91,1.83,2.22,0.48,0.73,0.87,0.83,0.07,0.36,3.75,1.21,1.45,1.04,2.01,1.67,2.7,1.21,0.83,0.65,2.6,0.64,0.35,0.37,0.82,2.16,1.9,0.28,0.36,3.13,13.09,0.99,1.1,0.49,0.4,0.93,0.51,5.01,3.96,4.35,4.3,18.91,5.52,2.98,1.44,42.12,15.41
"holz_hamlet_1889_de.txt",1,23404,6.47,1.58,2.33,3.08,0.45,0.62,1.06,0.49,0.18,0.32,2.1,1.18,1.18,1.69,2.06,2.72,3.17,1.01,0.67,0.77,2.17,1.19,0.26,0.82,0.58,2.23,3.16,0.21,0.31,1.76,12.77,0.92,0.82,0.54,0.46,0.78,0.18,3.09,4.44,3.83,5.21,16.98,6.49,2.74,0.96,39.91,22.38
"schnitzler_tanzerin_1905_de.txt",1,33123,5.07,1.86,2.37,2.74,0.43,0.38,0.78,0.89,0.3,0.41,2.98,2.36,1.79,2.35,3.06,3.48,4.26,1.53,1.91,0.51,1.39,0.48,0.27,0.23,1.25,2.6,1.54,0.44,0.49,2.83,11.49,1.33,1.44,0.42,0.55,0.63,0.21,4.58,2.37,5.39,4.33,18.27,6.32,3.74,0.84,40.45,26.6
"heiberg_frau_1886_de.txt",1,59151,4.45,1.75,2.31,3.83,0.8,0.57,1.09,1.3,0.29,0.77,1.88,2.2,1.75,2.48,2.67,3.24,4.1,1.14,1.27,0.57,1.52,0.5,0.37,0.17,1.2,2.67,2.7,0.6,0.44,2.49,10.07,1.65,0.63,0.56,0.82,0.57,0.24,4.24,2.56,5.06,6.29,15.54,7.61,3.66,0.81,40.71,24.95
"schnitzler_traumnovelle_1926_de.txt",1,22394,5.3,1.64,2.1,2.74,0.38,0.39,1.01,0.5,0.22,0.47,3.34,2.22,1.78,2.34,3.46,3.25,4.4,1.35,1.19,0.62,1.77,0.5,0.3,0.22,0.9,2.69,1.38,0.38,0.53,2.62,11.45,1.41,0.84,0.68,0.42,0.67,0.26,4.53,2.79,5.68,4.52,17.23,5.88,3.35,0.93,39.23,26.49
"stifter_studienhaidedorf_1840_de.txt",1,9965,3.94,1.31,2.39,3.87,0.36,0.19,0.82,1.12,0.37,0.38,3.39,1.19,1.77,2.2,2.75,2.96,4.64,1.37,0.95,0.81,1.4,0.51,0.41,0.33,1.57,2.61,1.22,0.25,0.12,2.48,10.81,0.97,0.65,0.52,0.41,1.28,0.17,5.26,2.65,5.83,5.24,16.42,5.77,2.55,1.45,39.34,23.15
"hamsun_sklaven_1922_sca.txt",1,27120,4.23,1.51,2.76,3.03,0.34,0.56,0.91,0.71,0.37,0.41,3.9,1.85,1.59,1.96,2.57,2.68,3.3,1.38,1.56,0.39,1.48,0.64,0.31,0.8,1.29,2.3,2.18,0.47,0.4,2.89,12.18,1.39,1.55,0.32,1.04,0.88,0.29,5.39,3.23,4.96,4.84,18.4,6.64,4.3,1.17,43.97,22.45
"flaubert_herodias_1877_fra.txt",1,9883,2.45,0.91,1.63,2.32,0.38,0.93,0.83,0.72,0.12,0.23,2.59,1.34,1.57,1.35,1.85,1.83,2.32,1.24,1.08,0.46,2.41,0.4,0.26,0.37,0.56,2.77,1.75,0.3,0.41,2.48,12.09,0.87,0.7,0.33,0.45,1.07,0.36,3.66,3.44,4.47,4.46,17.35,5.79,2.35,1.43,38.48,15.25
"meissner_prinzessin_1882_de.txt",1,29890,3.89,1.64,2.59,3.66,0.52,0.59,1.08,0.62,0.19,0.75,2.15,1.79,1.72,2.51,2.46,3.19,3.67,0.9,1.2,0.53,1.16,0.32,0.39,0.13,1.36,2.56,2.18,0.64,0.56,2.87,11.97,1.21,0.6,0.19,0.42,1.02,0.35,3.71,2,4.46,5.85,17.47,7.3,2.42,1.37,40.12,23.46
"goethe_meisterwander_1829_de.txt",1,147391,4.51,1.54,2.6,4.91,0.39,0.33,0.74,0.76,0.51,0.32,1.84,2.85,1.92,2.52,3.13,3.61,4.42,1.1,0.89,0.43,0.78,0.53,0.31,0.18,2.06,3.12,1.79,0.76,0.49,2.33,11.32,2.3,0.86,0.42,0.62,0.58,0.17,3.43,1.8,5.96,6.37,16.07,8.22,4.2,0.75,40.84,27.1
"sturza_geluebde_1905_de.txt",1,45570,4.22,2.15,2.22,5.26,0.61,0.73,1.56,1.05,0.22,0.94,1.83,2.49,2,3.09,3.25,3.41,4.56,1.2,1.27,0.58,1.76,0.72,0.68,0.19,1.49,2.98,2.24,0.61,0.53,2.52,10,1.41,0.78,0.34,0.5,0.7,0.22,4.04,3.35,4.55,8.16,15.57,7.85,3.03,0.92,42.92,27.39
"musil_mann1_1930_de.txt",1,269686,4.97,1.82,2.84,3.75,0.39,0.57,0.71,0.56,0.23,0.24,2.16,3.09,2.34,2.94,3.71,3.66,5.17,0.85,0.91,0.66,1.22,0.62,0.36,0.26,1.17,3.46,2.17,0.5,0.47,1.97,10.44,2.2,0.7,0.28,0.57,0.68,0.21,3.19,2.46,6.58,5.42,14.83,7.77,3.75,0.89,38.31,30.54
"flaubert_bovary_1857_fra.txt",1,115492,3.88,1.3,2.35,3.03,0.35,0.41,1.04,0.79,0.29,0.58,2.52,1.58,1.71,1.97,2.28,2.74,3.38,1.08,1.06,0.62,1.75,0.77,0.43,0.47,0.91,2.53,1.85,0.35,0.34,2.61,11.85,1.55,1.06,0.64,0.72,0.73,0.22,4.18,3.42,5.03,4.83,17.22,5.98,3.97,0.95,40.55,21.19
"hoffmann_topf_1819_de.txt",1,29223,4.05,1.11,1.94,4.08,0.43,0.53,0.99,0.57,0.3,0.41,2.25,1.96,1.79,2.07,2.39,2.68,3.42,1.26,1.27,0.6,1.44,0.72,0.51,0.51,1.19,2.52,2.23,0.48,0.35,2.41,10.57,1.6,0.83,0.57,0.37,0.82,0.2,3.53,3.18,3.97,6.03,16.11,6.77,3.37,1.02,40.01,21.41
"spyri_heidibrauchen_1881_de.txt",1,37321,5.44,1.61,3.25,4.21,0.32,0.27,0.52,0.71,0.23,0.18,2.54,1.63,1.93,3.07,2.74,4.1,4.1,1.32,1.33,0.48,1.03,0.45,0.21,0.43,1.29,2.78,1.85,0.37,0.24,2.98,11.83,1.11,0.8,0.43,0.29,0.7,0.04,3.66,2.12,5.4,5.32,17.94,6.53,2.63,0.74,38.94,27.87
"falke_durchschnitt_1892_de.txt",1,32652,4.07,1.66,2.18,4.13,0.5,0.58,0.99,1.39,0.39,1.34,2.09,1.88,1.53,2.37,2.73,2.85,3.95,1.04,0.94,0.62,1.3,0.7,0.35,0.43,1.35,2.64,2.04,0.56,0.51,2.3,10.25,1.49,1.11,0.46,0.62,0.47,0.21,5.21,2.78,4.86,6.2,15.15,7.1,3.68,0.68,40.8,23.22
"fontane_wuthenow_1883_de.txt",1,41761,4.89,1.57,2.59,3.73,0.29,0.41,0.61,0.93,0.31,0.95,1.77,2.01,1.69,2.51,2.73,3.2,4.7,0.96,1.04,0.39,0.65,0.47,0.32,0.22,1.64,2.67,2.61,0.56,0.34,2.04,10.46,1.48,1.22,0.35,0.33,0.73,0.18,3.96,1.66,5.73,5.04,14.89,7.82,3.38,0.91,37.66,25.89
"sapper_dummerle_1905_de.txt",1,85572,5.06,2.27,2.78,3.43,0.36,0.28,0.85,2.37,0.44,1.58,2.53,1.69,1.94,3.12,3.03,3.81,4.67,1.11,1.77,0.46,0.85,0.51,0.2,0.45,2.4,2.71,2.68,0.47,0.34,2.7,10.33,1.85,0.87,1.04,0.69,0.58,0.16,6.92,2.01,4.98,4.92,16.37,8.6,4.45,0.74,44.01,28.37
"dostoevskij_verbrechen_1882_ru.txt",1,207687,6.07,2.05,3.01,2.96,0.66,0.93,1,0.6,0.22,0.4,2.65,2.63,1.94,2.72,3.28,4.05,4.62,1.14,1.39,0.42,1.44,0.65,0.28,0.37,1.03,2.76,1.5,0.38,0.49,2.42,9.65,1.39,0.6,0.62,0.62,0.64,0.3,3.87,2.74,6.64,5.55,15.02,6.16,3.23,0.94,37.51,30.37
"fontane_reise_1894_de.txt",1,36288,5.11,1.77,2.78,3.4,0.23,0.33,0.59,0.62,0.38,0.44,1.4,1.83,1.86,2.7,3.1,3.61,5.1,0.81,0.93,0.41,0.81,0.78,0.2,0.46,1.58,2.51,1.74,0.48,0.3,2.31,10.99,1.57,0.99,0.42,0.39,0.56,0.21,2.84,2.25,5.99,4.55,15.45,6.61,3.37,0.77,35.84,27.86
"doeblin_butterblume_1913_de.txt",1,31746,3.26,1.1,1.71,2.66,0.56,0.7,1.1,0.62,0.24,0.82,2.62,1.39,1.23,1.51,1.85,2.15,2.78,1.39,1.2,1,3.3,0.66,0.68,0.63,0.77,2.3,2,0.27,0.27,3.73,13.3,1.2,1.24,0.81,0.46,0.61,0.38,4.3,5.27,4.23,5.02,20.62,5.61,3.71,0.99,45.52,16.98
"lasswitz_planeten02_1897_de.txt",1,121000,3.68,1.8,1.87,2.41,0.28,0.37,0.5,0.35,0.16,0.26,1.66,1.56,1.7,2.47,2.29,2.83,4.12,0.64,0.47,0.29,0.68,0.25,0.12,0.11,1.3,2.34,1.75,0.49,0.48,2.12,11.45,1.56,0.42,0.25,0.4,0.26,0.1,2.43,1.16,5.59,3.56,14.97,6.36,2.63,0.36,31.47,22.32
"brod_stunde_1916_de.txt",1,10214,6.56,2.14,3.33,3.12,0.55,0.57,1.08,0.24,0.19,0.05,1.3,2.64,1.93,2.01,3.17,4.42,4.63,0.98,1.25,0.66,1.24,0.47,0.22,0.14,1.2,3.02,1.98,0.37,0.42,1.91,11.02,2.13,0.65,0.26,0.42,1.21,0.62,1.78,2.07,6.03,5.32,15.82,6.99,3.46,1.83,37.27,30.83
"hamsun_weiber_1922_sca.txt",1,135643,5.6,2.68,3.05,3.53,0.25,0.43,0.81,1.08,0.24,0.53,3.85,1.85,1.87,3.35,3.32,3.89,5.18,0.85,1.45,0.4,1.08,0.6,0.26,0.55,1.29,2.63,1.8,0.45,0.34,2.31,9.75,1.58,0.86,0.58,0.81,0.51,0.18,5.7,2.49,5.59,5.02,14.76,6.51,3.83,0.69,39,30.79
"dickens_copperfield_1850_en.txt",1,307167,4.74,1.8,2.61,3.97,0.46,0.4,1.07,0.9,0.33,0.63,1.63,2.93,1.8,2.84,3.63,3.34,4.67,1.3,1.51,0.55,1.57,0.65,0.36,0.42,2.04,2.97,1.58,0.58,0.35,2.22,10.59,1.51,0.78,0.66,0.62,0.48,0.19,3.49,3,5,5.9,16.17,7.52,3.57,0.67,40.32,28.36
"raabe_odfeld_1889_de.txt",1,59977,4.14,1.35,1.82,2.81,0.25,0.53,0.93,0.43,0.25,0.27,3.17,1.26,1.4,1.75,1.99,2.48,3.77,0.61,0.92,0.41,1.22,0.59,0.22,0.3,1.61,2.13,2.2,0.32,0.21,1.73,11.73,1.83,0.68,0.3,0.38,1.87,0.27,4.12,2.33,4.24,4.52,15.4,6.47,3.19,2.14,38.17,19.96
"grillparzer_kloster_1827_de.txt",1,9271,3.33,1.14,1.86,2.8,0.46,0.46,0.95,0.91,0.19,0.4,2.42,1.84,1.88,1.9,2.14,2.48,3.13,1.36,1.27,0.52,1.47,0.47,0.25,0.15,0.94,2.47,1.26,0.45,0.35,2.93,11.41,1.32,0.61,0.59,0.58,0.9,0.16,3.92,2.34,3.98,4.67,17.49,5.47,3.1,1.06,38.05,19.7
"kafka_amerika_1925_de.txt",1,84125,6.04,2.02,3.05,2.95,0.31,0.37,0.79,0.66,0.3,0.27,2.74,2.06,1.95,3.35,3.71,3.8,5.34,1.17,1.85,0.4,1.33,0.35,0.19,0.32,1.04,2.82,2.27,0.45,0.39,2.46,11.35,1.82,0.9,0.71,0.51,0.45,0.06,3.97,2.19,5.82,4.42,17.23,6.97,3.94,0.51,39.23,31.32
"brodkafka_samuel_1912_de.txt",1,4774,6.22,1.8,2.83,3.37,0.34,0.34,0.71,0.42,0.38,0.48,1.15,2.22,1.95,2.51,3.08,3.39,4.57,0.98,0.71,0.48,1.42,0.46,0.21,0.23,1.82,2.76,1.93,0.44,0.34,2.03,11.37,1.68,1.82,0.4,0.75,0.15,0.02,2.43,2.32,5.93,4.76,15.57,7.29,4.65,0.17,37.19,28.57
"altenberg_prodromos_1906_de.txt",1,31465,3.89,1.51,2.25,4.83,0.45,0.67,1.16,0.79,0.33,0.75,1.39,2.03,2.14,2.2,2.26,3.35,3.69,0.83,1.01,0.85,1.82,1.13,0.44,1.04,1.5,3.46,2.12,0.75,0.37,1.76,9.33,1.98,1.24,0.22,0.75,1.2,0.4,3.26,4.43,5.96,7.11,13.78,8.2,4.19,1.6,42.57,23.32
"keyserling_beatemareile_1903_de.txt",1,30747,3.57,1.38,1.79,3.93,0.41,0.52,1.23,0.84,0.27,0.9,1.56,1.98,2.08,2.02,2.07,2.89,3,1.57,1.82,1.05,2.27,0.8,0.8,0.49,1.38,2.56,1.77,0.32,0.34,2.45,11.17,0.91,1.31,0.74,0.39,0.65,0.16,3.57,4.36,3.87,6.09,18.06,6.37,3.35,0.81,42.61,20.78
"may_winnetou_1893_de.txt",1,158438,5.17,2.33,2.3,3.07,0.3,0.65,0.62,0.44,0.21,0.08,1.88,2.4,2.49,3.45,3.07,3.73,5.06,1.01,1.17,0.43,1.14,0.48,0.17,0.33,2.54,2.88,1.66,0.52,0.66,2.99,10.17,1.35,0.82,0.07,0.35,0.34,0.58,2.61,2.12,6.12,4.64,15.77,8.26,2.59,0.92,36.91,30
"achleitner_celsissimus_1901_de.txt",1,68218,3.02,1.41,1.63,3.64,0.6,0.78,0.89,0.71,0.26,0.39,1.45,1.86,1.46,1.92,1.84,2.75,2.7,0.65,1.06,0.54,1.18,0.69,0.28,0.37,1.33,2.31,2.58,0.51,0.62,2.27,9.53,1.95,0.63,0.35,0.74,1.72,0.29,2.81,2.52,4.03,5.91,14.05,7.35,3.67,2.01,38.32,18.59
"walser_gehuelfe_1908_de.txt",1,73867,4.83,1.55,2.85,4.04,0.34,0.51,0.76,1.09,0.24,0.79,2.5,2.04,2.13,2.36,3.52,3.05,4.05,1.32,1.4,0.59,1.25,0.57,0.26,0.58,0.83,2.88,2.34,0.39,0.37,2.15,10.94,1.9,1.09,0.79,0.75,0.54,0.07,4.62,2.66,6.27,5.65,16.4,6.81,4.53,0.61,41.28,26.38
"raabe_akten_1896_de.txt",1,61193,5.09,1.68,2.28,3.69,0.31,0.43,0.97,1.54,0.7,0.92,2.02,2.02,1.87,2.24,2.85,3.21,4.55,0.67,0.99,0.42,1.18,0.7,0.33,0.16,2.64,2.73,1.93,0.55,0.17,1.72,11.61,1.25,0.79,0.82,0.56,0.76,0.16,5.18,2.37,4.56,5.4,15.41,8.02,3.42,0.92,40.72,25.79
"sapper_vater_1915_de.txt",1,26709,4.51,2.3,2.57,3.95,0.6,0.4,1.35,2.92,0.38,1.51,3.25,1.89,1.82,3.06,2.95,3.99,4.45,1.12,1.56,0.57,0.98,0.39,0.21,0.29,3.61,2.98,2.55,0.6,0.49,3.03,9.98,1.3,0.84,0.82,0.45,0.38,0.26,8.06,1.87,4.34,6.3,16.26,10.23,3.41,0.64,46.77,27.54
"goethe_italienische_1786_de.txt",1,171439,4.41,1.26,2.91,4.82,0.19,0.27,0.57,0.33,0.29,0.17,0.95,2.17,1.73,2.08,2.76,3.02,3.76,1.25,0.62,0.42,0.74,0.49,0.28,0.28,1.49,3.06,1.83,0.69,0.37,2.1,12.32,1.97,1.16,0.33,0.55,0.8,0.19,1.74,1.79,6.46,5.85,16.71,7.44,4.01,0.99,38.53,24.1
"goethe_wahlverwandtschaften_1809_de.txt",1,79005,4.68,1.82,2.89,4.9,0.44,0.32,0.91,0.61,0.55,0.35,1.74,2.64,1.95,2.77,3.31,3.57,4.58,1.07,0.9,0.42,0.87,0.49,0.35,0.18,1.8,3.21,1.59,0.74,0.41,2.34,10.78,1.93,0.69,0.4,0.52,0.43,0.18,3.25,1.89,6.19,6.57,15.51,7.75,3.54,0.61,39.12,28.21
"dickens_twist_1838_en.txt",1,119345,4.73,1.68,2.12,2.92,0.48,0.63,0.9,0.52,0.38,0.45,2.62,1.81,1.7,2.23,2.93,2.85,3.79,1.18,1.7,0.51,1.7,0.79,0.29,0.43,1.11,2.49,1.73,0.43,0.4,2.69,10.57,1.35,0.7,0.6,0.63,0.91,0.35,3.97,3.21,4.85,4.93,16.65,6.16,3.28,1.26,39.46,23.84
"goethe_werther_1787_de.txt",1,39287,3.44,1.86,2.64,4.78,0.45,0.38,1.36,0.73,0.35,0.38,1.71,2.37,2.13,2.5,2.98,3.42,3.64,1.03,1.39,0.58,1.57,0.63,0.47,0.31,1.81,2.88,1.46,0.49,0.34,2.23,10.1,1.18,0.84,0.33,0.48,0.97,0.39,3.17,2.98,5.12,6.97,15.33,6.98,2.83,1.36,39.62,24.98
"dostoevskij_idiot_1889_ru.txt",1,276529,6.32,2.05,3.04,3.43,0.58,0.7,0.87,0.7,0.29,0.38,2.16,2.88,2.04,2.88,3.44,3.91,5,1.01,1.46,0.34,1.15,0.53,0.25,0.17,1.26,2.78,1.49,0.41,0.37,1.97,9.98,1.34,0.54,0.44,0.55,0.52,0.21,3.53,2.1,6.19,5.58,14.76,6.31,2.87,0.73,35.88,31.56
"tolstoy_anna_1920_ru.txt",1,188867,4.94,2.12,2.4,3.63,0.43,0.47,0.83,0.79,0.28,0.46,2.62,2.73,1.86,2.68,2.47,3.62,4.61,1.17,1.28,0.51,1.3,0.6,0.39,0.29,1.23,2.71,1.5,0.46,0.41,2.3,9.66,1.73,0.78,0.28,0.51,0.38,0.13,4.15,2.58,5.72,5.36,14.92,6.31,3.3,0.51,37.13,27.43
"kafka_urteil_1913_de.txt",1,3994,6.46,2.23,2.55,3.18,0.3,0.2,0.8,1.93,1.18,0.45,5.13,2.63,2.2,3.08,3.33,4.13,5.33,1.03,1.23,0.45,1.28,0.53,0.2,0.15,3.63,2.65,1.03,0.55,0.35,2.2,9.91,1.9,0.8,1.03,0.58,0.28,0.18,8.69,2.16,5.41,4.48,14.82,8.21,4.31,0.46,43.13,31.94
"kafka_landarzt_1920_de.txt",1,13200,5.33,1.98,2.73,3.19,0.38,0.45,0.89,0.69,0.18,0.21,2.42,2.41,1.7,3,3.22,3.95,4.86,1.18,1.15,0.55,1.96,0.74,0.24,0.29,1.47,3.02,2,0.67,0.58,2.46,11.49,1.56,1.14,0.73,0.41,0.34,0.26,3.5,3.23,6.24,4.91,16.83,7.74,3.84,0.6,40.65,29.18
"hoffmann_nacht_1817_de.txt",1,105742,4.08,1.26,2.34,3.7,0.56,0.69,1.08,0.66,0.31,0.32,2.21,2.17,1.79,1.91,2.27,2.83,3.23,1.1,1.3,0.54,1.5,0.89,0.34,0.28,1.27,2.66,1.87,0.42,0.44,2.54,11.13,1.49,1.01,0.69,0.64,0.92,0.44,3.5,3.01,4.18,6.03,16.61,6.66,3.83,1.36,41,21.88
"storm_basch_1887_de.txt",1,17699,4.38,1.16,1.72,2.6,0.33,0.32,0.58,1.23,0.46,0.57,3.81,1.06,1.34,2.17,1.89,2.12,3.98,1.14,1.81,0.41,1.59,1.09,0.23,0.4,1.4,2.04,1.94,0.33,0.16,2.67,11.76,1.82,1.11,1.02,0.34,0.45,0.28,6.07,3.31,3.65,3.83,17.79,5.87,4.29,0.73,41.89,19.82
"musil_mann3_1930_de.txt",1,127022,5.59,1.92,2.82,3.8,0.41,0.5,0.68,0.46,0.17,0.23,1.73,3.31,2.4,2.94,3.93,3.7,5.61,0.98,1.16,0.74,1.03,0.62,0.51,0.3,1.42,3.21,1.68,0.45,0.47,1.84,9.78,1.81,0.58,0.21,0.5,0.57,0.19,2.59,2.46,6.62,5.39,14.5,7.23,3.1,0.76,36.03,32.22
"tolstoy_herrknecht_1916_ru.txt",1,20991,4.7,1.6,2.06,2.36,0.41,0.37,0.62,0.45,0.14,0.18,3.52,1.71,1.57,2.34,2.24,2.56,4.18,0.72,1.35,0.71,1.49,0.47,0.3,0.4,1.05,2.38,1.28,0.27,0.39,3.6,12.11,1.01,1.66,0.43,0.63,0.4,0.19,4.29,2.66,4.73,3.76,18.49,5.37,3.73,0.59,38.89,22.96
"storm_schimmelreiter_1888_de.txt",1,38397,4.43,1.51,1.76,2.24,0.3,0.35,0.53,0.63,0.24,0.27,2.78,1.1,1.42,2.4,1.84,2.74,4.45,1.35,1.83,0.57,1.73,0.64,0.27,0.42,1.16,2.23,1.32,0.32,0.22,2.87,11.25,0.99,0.9,0.49,0.36,0.69,0.2,3.92,3.06,4.38,3.42,17.87,5.25,2.74,0.89,37.15,21.65
"kretzer_timpe_1888_de.txt",1,77897,4.58,1.38,2.27,3.32,0.36,0.46,0.77,1.11,0.32,0.4,3.49,1.79,1.82,2.32,2.27,2.93,4.06,1.02,1.34,0.44,1.26,0.68,0.24,0.27,1.25,3.02,2.3,0.52,0.31,2.45,11.09,2.5,0.77,0.55,0.81,0.59,0.16,5.32,2.45,4.94,4.91,16.34,7.4,4.63,0.75,41.8,23.42
"wassermann_spiegel_1911_de.txt",1,78549,3.34,1.34,1.91,3.03,0.57,0.76,1.03,0.62,0.36,0.36,2.66,1.91,1.71,1.84,2.12,2.59,3.4,1.25,1.06,0.49,1.58,0.59,0.35,0.33,1.21,2.83,1.81,0.42,0.47,2.34,10.37,1.47,0.95,0.45,0.62,0.71,0.37,4,2.85,4.94,5.39,15.51,6.74,3.49,1.08,39.06,20.16
"reventlow_dames_1913_de.txt",1,34541,6.44,1.84,3.09,3.51,0.31,0.33,0.8,0.4,0.22,0.64,2.14,3.26,1.74,2.69,4.25,3.92,4.91,1.06,1.33,0.52,0.81,0.46,0.35,0.26,1.73,2.52,1.71,0.33,0.35,2.28,9.62,1.45,0.87,0.45,0.25,0.82,0.13,3.4,1.88,6.36,4.95,14.81,6.64,3.02,0.95,35.65,32.14
"hagenauer_muspilli_1900_de.txt",1,23247,4.75,1.6,2.8,3.57,0.59,1.06,1.52,0.32,0.32,0.19,1.59,2.05,1.9,2.11,2.55,3.04,3.76,1.05,0.99,1.01,2.13,0.97,0.64,0.61,1.19,2.78,1.63,0.35,0.34,2.13,11.17,1.46,0.95,0.41,0.48,0.89,0.41,2.42,4.35,5.41,6.74,16.35,6.29,3.3,1.3,40.75,24.56
"meyer_borgia_1891_de.txt",1,36751,2.71,1.38,1.22,3.58,0.64,0.92,1.32,0.76,0.24,0.33,2.5,1.72,1.49,1.74,1.62,2.39,3.61,1.13,1.07,0.49,1.64,0.53,0.4,0.19,1.37,2.34,2.06,0.39,0.46,2.19,10.14,1.4,0.57,0.23,0.68,1.08,0.47,3.83,2.76,4.05,6.46,15.02,6.62,2.88,1.55,39.12,17.88
"may_kurdistan_1892_de.txt",1,149365,4.35,1.88,2.25,2.8,0.29,0.58,0.53,0.49,0.24,0.13,2.18,2.06,1.71,2.79,2.52,3.12,4.27,0.92,1.17,0.28,0.95,0.35,0.21,0.39,2.22,2.2,2.2,0.45,0.58,3.02,10.18,1.21,0.89,0.44,0.51,0.84,0.37,3.04,1.9,5.86,4.2,15.57,7.65,3.05,1.21,36.62,24.95
"mann_venedig_1913_de.txt",1,25073,3.22,1.06,1.49,4,0.59,0.57,1.05,0.34,0.18,0.17,2.79,1.93,1.22,1.64,2.35,2.21,3.27,1.52,0.68,0.94,2.26,0.66,0.43,0.43,0.68,2.61,1.55,0.46,0.47,2.63,11.22,1.69,1.22,0.24,0.43,0.61,0.65,3.48,3.78,3.78,6.21,16.99,5.77,3.58,1.26,41.07,18.39
"fontane_stechlin_1899_de.txt",1,125290,6.26,1.91,2.98,3.44,0.23,0.25,0.62,0.67,0.3,0.49,1.77,1.87,2.12,3.2,3.67,3.94,5.39,0.74,1.12,0.33,0.51,0.73,0.25,0.28,1.53,2.59,1.99,0.51,0.3,1.91,10.06,1.37,0.71,0.36,0.4,1.08,0.18,3.23,1.77,5.98,4.54,14.16,6.92,2.84,1.26,34.72,31.34
"musil_toerless_1906_de.txt",1,50915,6.28,1.88,2.99,2.99,0.8,0.68,0.93,0.29,0.16,0.14,2.6,2.94,2.24,2.65,3.57,3.81,5.05,1.3,1.02,0.95,1.49,0.61,0.37,0.19,0.94,3.26,1.5,0.35,0.46,2.3,11.11,1.48,0.64,0.28,0.42,0.48,0.16,3.19,2.66,6.69,5.4,16.68,6.51,2.82,0.64,37.9,31.41
"fontane_briest_1896_de.txt",1,95884,6.05,2.08,3,3.65,0.34,0.32,0.76,1.06,0.22,0.8,1.35,1.95,1.94,3.17,3.6,3.96,5.57,0.86,1.16,0.37,0.75,0.52,0.31,0.25,1.47,2.5,2.06,0.48,0.3,2.13,10.29,1.28,0.83,0.51,0.37,0.63,0.15,3.43,1.83,6.12,5.07,14.81,6.81,2.99,0.78,35.72,31.32
"tolstoy_romanehe_1921_ru.txt",1,34063,5.1,2.15,2.93,4.56,0.64,0.55,1.19,0.65,0.16,0.29,2.47,2.86,1.5,3.05,3.28,3.86,5.19,1.55,1.9,0.8,1.56,0.69,0.69,0.23,2.39,2.71,0.95,0.62,0.31,2.17,9.96,0.99,0.93,0.62,0.32,0.58,0.24,3.57,3.17,5.6,6.94,16.38,6.98,2.86,0.82,40.72,29.92
"brod_beer_1912_de.txt",1,43572,5.49,1.88,2.83,3.73,0.38,0.46,0.81,0.93,0.34,0.65,2.84,1.82,2.26,2.14,2.98,3.49,4.4,0.91,1,0.54,1.51,0.72,0.28,0.41,1.15,3.1,1.85,0.44,0.43,2.27,10.84,1.86,0.96,0.37,0.61,0.39,0.12,4.76,2.92,5.51,5.38,15.56,6.97,3.8,0.51,39.9,27.29
"hoffmann_zaches_1819_de.txt",1,34709,4.5,1.28,2.54,4.64,0.37,0.6,1.01,0.41,0.42,0.33,2,2.01,1.86,1.82,2.4,3.06,3.26,0.97,1.14,0.49,1.35,0.43,0.44,0.48,1.14,2.8,2.65,0.47,0.32,2.32,11.05,1.97,1.11,0.42,0.51,0.8,0.22,3.16,2.7,4.55,6.62,15.97,7.38,4.01,1.02,40.86,22.73
"walser_spaziergang_1917_de.txt",1,17429,4.34,1.38,2.5,7.06,0.38,0.61,1.23,0.32,0.22,0.3,0.99,2.54,2.08,2.01,3.79,3.73,3.78,1.22,1.26,0.88,1.02,0.64,0.41,0.65,1.14,3.4,2.62,0.63,0.58,1.85,10.51,2,1.15,0.3,0.9,0.78,0.33,1.83,2.72,4.81,9.28,15.72,8.37,4.35,1.11,43.38,26.15
"keller_sinngedicht_1882_de.txt",1,88262,4.45,1.5,2.17,3.61,0.41,0.39,0.93,0.79,0.28,0.65,2.2,1.97,1.79,2.13,2.67,2.78,4.57,1.27,1.02,0.49,1.27,0.49,0.24,0.3,1.13,2.69,1.73,0.46,0.41,2.5,10.86,1.52,0.78,0.49,0.55,0.6,0.18,3.92,2.3,5.05,5.34,16.14,6.42,3.34,0.78,38.24,24.03
"conradi_adam_1889_de.txt",1,93930,6.13,1.74,2.9,3.74,0.53,0.67,1.16,0.54,0.24,0.51,2.63,2.21,1.94,2.71,3.56,3.47,4.1,0.87,0.78,0.8,1.33,0.63,0.46,0.45,1.15,2.53,2.3,0.39,0.35,2.07,10.16,1.44,0.66,0.23,0.43,0.99,0.16,3.92,2.87,4.75,6.1,14.68,6.72,2.76,1.15,38.2,28.76
"kafka_kuebelreiter_1917_de.txt",1,811,3.33,2.22,3.95,2.59,0.12,0.74,1.73,1.36,0,1.23,1.23,1.36,1.36,2.71,1.11,4.81,3.45,0.99,3.08,0.62,1.85,0.62,0.37,0.37,1.23,2.96,3.08,0.12,0.12,2.34,11.1,2.71,0.62,0.62,2.59,0.37,0.25,3.82,3.21,4.19,5.18,18.13,7.51,6.54,0.62,45.01,24.3
"lasswitz_seife_1890_de.txt",1,53831,4.47,1.91,2.31,3.59,0.3,0.4,0.75,0.44,0.24,0.24,1.46,2.7,2.14,2.78,2.78,3.51,4.27,1.04,0.97,0.49,1.01,0.51,0.3,0.33,1.99,2.93,2.02,0.52,0.45,2.11,9.88,2.19,0.82,0.2,0.56,0.62,0.21,2.38,2.15,5.76,5.04,14.49,7.91,3.77,0.83,36.57,26.87
"schubin_vollmondzauber01_1899_de.txt",1,28222,4.73,1.75,2.79,3.73,0.36,0.49,1.05,0.84,0.4,0.64,2.61,2.17,1.46,2.14,2.96,3.33,3.94,1.13,1.07,0.55,1.52,0.6,0.29,0.27,1.06,2.46,2.05,0.43,0.26,1.97,10.65,1.13,1.16,0.38,0.44,0.55,0.29,4.49,2.68,4.99,5.63,15.37,6.26,3.11,0.84,38.38,25.27
"storm_doppelgaenger_1887_de.txt",1,19723,5.09,1.68,1.58,2.79,0.4,0.34,0.87,1.05,0.48,0.53,3.16,1.6,1.46,2.34,2.03,2.73,4.67,1.27,1.68,0.64,2.04,0.74,0.33,0.48,1.59,2.27,1.68,0.37,0.22,2.57,11.3,1.06,0.81,0.57,0.61,0.57,0.24,5.22,3.59,4.04,4.4,17.46,6.13,3.05,0.81,40.66,23.18
"grillparzer_spielmann_1847_de.txt",1,15742,5.03,1.58,2.49,2.75,0.35,0.49,0.79,0.91,0.29,0.36,1.97,1.98,1.84,2.51,2.46,2.67,4.43,0.71,2.03,0.45,1.28,0.63,0.22,0.32,1.25,2.91,1.42,0.37,0.38,2.82,11.43,1.81,1.47,0.68,0.77,0.59,0.17,3.53,2.45,4.71,4.38,17.44,6.33,4.73,0.76,39.62,24.99
"wassermann_moloch_1902_de.txt",1,79019,3.86,1.52,2.1,3.18,0.58,0.5,1.14,0.62,0.26,0.45,3.11,1.95,1.67,2.05,2.46,2.72,3.72,1.73,1.43,0.6,2.29,0.59,0.39,0.4,0.92,2.66,1.67,0.42,0.36,2.97,10.99,1.57,0.99,0.73,0.58,0.71,0.2,4.44,3.67,4.83,5.4,17.72,6.03,3.87,0.91,42.04,22.05
"akunian_fluegel_1895_de.txt",1,73677,5.13,2.22,2.77,3.98,0.51,0.6,1.22,1.25,0.27,1.13,2.09,2.1,1.88,2.9,3.29,3.58,4.38,1.23,1.36,0.64,1.58,0.52,0.34,0.4,1.35,2.56,1.89,0.4,0.29,2.06,9.08,1.25,0.78,0.39,0.48,0.55,0.11,4.74,2.84,5.28,6.31,14.37,6.49,2.9,0.66,38.31,28.25
"may_wuste_1892_de.txt",1,147640,4.08,1.82,2.1,2.6,0.23,0.6,0.47,0.59,0.21,0.16,2.01,2.03,1.71,2.6,2.43,2.95,4.07,0.92,0.96,0.38,1.02,0.37,0.27,0.36,2.03,2.32,2.09,0.46,0.51,2.85,10.21,1.26,1.06,0.31,0.47,1.2,0.43,2.97,2.02,6.26,3.9,15.32,7.41,3.1,1.63,36.35,23.79
"achleitner_tann_1897_de.txt",1,53743,3.2,1.22,1.46,3.06,0.55,0.79,0.86,0.51,0.16,0.28,1.33,1.35,1.44,1.85,1.74,2.45,2.78,0.69,1.06,0.67,1.42,0.69,0.43,0.36,1.08,2.16,1.85,0.34,0.43,2.6,9.81,1.54,0.73,0.59,0.53,1.18,0.4,2.28,2.9,3.36,5.26,14.83,5.86,3.39,1.58,36.1,17.49
"heyking_erzaehlungen_1918_de.txt",1,23743,5.3,0.96,3.18,3.53,0.41,0.39,0.72,1.14,0.24,0.43,1.09,1.82,1.66,2.88,3.6,3.24,3.86,1.28,0.83,0.63,0.81,0.86,0.17,0.3,1.21,3.16,2.08,0.42,0.39,2.19,12.61,1.35,1.01,0.52,0.33,0.75,0.36,2.9,2.14,5.62,5.05,17.54,7.26,3.21,1.11,39.21,26.5
"achleitner_bergrichters_1900_de.txt",1,45732,3.64,1.76,1.93,3.07,0.47,0.55,0.94,1.12,0.17,0.53,1.7,2.06,1.91,2.19,2.33,3.18,3.17,0.8,0.87,0.42,0.91,0.61,0.28,0.33,1.05,2.51,2.78,0.45,0.65,2.6,9.57,2.62,0.54,0.46,0.87,0.9,0.28,3.52,2.13,4.51,5.03,14.26,7.44,4.49,1.18,38.05,22.17
"preuschen_yoshiwara_1920_de.txt",1,20686,4.07,1.13,2.63,4.06,0.33,0.33,0.78,0.58,0.18,0.98,1.1,1.73,1.97,2.4,2.57,3.07,3.49,1.39,0.92,0.67,1.28,0.6,0.37,0.45,0.98,3.05,1.92,0.4,0.22,2.39,10.84,1.24,0.97,0.38,0.53,0.99,0.3,2.84,2.7,4.98,5.5,16.21,6.57,3.12,1.29,38.23,23.06
"walser_prosastücke_1917_de.txt",1,11428,4.37,1.61,2.99,6.41,0.63,0.93,2.09,0.55,0.32,0.39,2.28,1.76,1.94,2.39,3.4,3.59,3.95,1.13,1.16,0.8,1.42,0.75,0.39,0.51,1.45,3.38,2.14,0.54,0.4,2.14,10.33,1.51,1.07,0.44,0.77,0.52,0.32,3.54,3.07,5.06,10.06,15.56,7.91,3.79,0.84,44.77,26
"hesse_rad_1906_de.txt",1,49067,4.29,1.47,2.75,3.63,0.65,0.53,1.14,0.46,0.45,0.17,3.26,1.61,1.47,1.98,2.74,2.83,3.71,1.3,1,0.88,1.62,0.77,0.39,0.72,0.89,2.74,1.7,0.33,0.44,2.45,10.67,2.29,1.14,0.58,0.4,0.64,0.23,4.34,3.5,5.04,5.95,16.3,6.1,4.41,0.87,41.47,22.85
"schubin_vollmondzauber02_1899_de.txt",1,29393,4.05,1.66,2.48,3.26,0.56,0.55,0.89,0.8,0.45,0.67,2.07,1.92,1.6,2.22,2.44,3.04,3.72,1.28,1.08,0.66,1.74,0.94,0.31,0.28,1.05,2.32,1.79,0.41,0.27,2.39,11.13,1.05,1.09,0.46,0.38,0.71,0.38,3.99,3.27,5.96,5.26,16.54,5.84,2.98,1.09,38.97,23.13
"kafka_hungerkünstler_1924_de.txt",1,13107,6.57,2.7,3.3,3.63,0.52,0.61,0.85,0.37,0.13,0.21,0.97,2.69,2.31,3.82,4.52,4.93,6.75,0.69,1.64,0.44,1.01,0.66,0.22,0.88,1.66,3.27,2.3,0.5,0.55,1.71,10.55,1.63,1.3,0.09,0.4,0.24,0.08,1.68,2.77,6.93,5.61,15.03,8.28,3.42,0.32,37.11,37.59
"stifter_nachsommer_1857_de.txt",1,248181,4.22,1.42,2.58,3.72,0.11,0.17,0.44,0.8,0.53,0.34,1.3,2.04,2.15,2.38,3.42,2.97,4.57,1.47,0.81,0.45,0.63,0.41,0.28,0.23,2.37,3.25,1.58,0.48,0.28,2.56,12.65,2.04,0.92,0.88,0.45,0.4,0.13,2.97,1.55,5.61,4.44,17.94,7.96,4.29,0.53,39.68,25.75
"stifter_buntesteine_1853_de.txt",1,97051,3.61,1.42,2.37,2.57,0.2,0.22,0.44,1.26,0.22,0.63,2.01,1.37,2.07,2.44,2.99,2.89,4.21,1.29,0.92,0.58,0.86,0.43,0.24,0.48,1.71,2.75,1.75,0.3,0.3,3.1,12.53,1.49,0.88,0.96,0.4,0.62,0.26,4.12,2.01,5.29,3.43,18.42,6.81,3.73,0.88,39.4,23.37
"hauptmann_bahnwaerter_1892_de.txt",1,15325,3.94,1.01,2.11,2.64,0.57,0.55,0.78,0.63,0.08,0.33,3.59,1.64,1.87,1.6,2.16,2.54,2.88,1.45,1.27,0.82,2.41,0.59,0.42,0.41,0.57,2.85,1.57,0.31,0.38,3.11,12.07,1.04,1.01,0.35,0.37,0.76,0.28,4.63,3.83,4.86,4.54,18.72,5.68,2.77,1.04,41.21,19.75
"einstein_bebuquin_1912_de.txt",1,12990,3.61,1.64,2.49,3.06,0.35,0.84,0.96,0.41,0.1,0.32,1.66,2.56,1.74,1.91,2.16,3.62,3.49,1.47,1.37,0.58,1.64,0.79,0.44,0.3,1.22,2.85,1.75,0.31,0.42,2.4,10.06,1.56,1.1,0.29,0.63,1.07,0.86,2.49,3.17,5.09,5.21,15.88,6.55,3.58,1.93,38.81,23.22
"storm_riew_1885_de.txt",1,39941,4.38,1.67,1.49,2.72,0.37,0.4,0.78,0.94,0.25,0.62,2.92,1.28,1.59,2.39,1.73,2.66,4.55,1.35,1.7,0.71,2.24,0.72,0.38,0.46,1.3,2.06,1.58,0.23,0.21,2.68,10.73,0.84,0.88,0.59,0.54,0.76,0.31,4.73,3.8,3.85,4.27,17.17,5.38,2.85,1.07,39.27,21.74
"spyri_heidilehr_1880_de.txt",1,51339,5.2,1.96,3.32,3.29,0.34,0.29,0.63,0.74,0.24,0.29,2.08,1.64,1.85,2.66,2.78,4.22,4,1.38,1.64,0.48,1.08,0.48,0.24,0.42,1.12,2.5,1.89,0.34,0.38,2.87,11.59,1.11,0.86,0.81,0.29,0.77,0.08,3.35,2.22,5.92,4.55,17.96,6.23,3.07,0.85,38.23,27.63
"schreiner_halket_1898_de.txt",1,21640,4.58,1.99,2.36,2.51,0.24,0.49,0.69,0.7,0.27,0.37,2.71,1.61,1.73,2.95,3.25,3.04,4.8,1.33,1.2,0.73,1.62,0.4,0.27,0.5,1.45,2.27,2.04,0.35,0.3,2.44,11.56,1.33,0.77,0.17,0.82,0.73,0.43,4.05,2.79,5.64,3.93,17.26,6.41,3.09,1.16,38.69,26.31
"schnitzler_casanova_1918_de.txt",1,35931,4.96,1.71,2.21,3.28,0.38,0.53,0.76,0.53,0.41,0.33,2.9,2.02,1.77,2.16,3.05,3.09,4.62,1.11,1.05,0.42,1.37,0.39,0.3,0.23,0.91,2.98,1.75,0.59,0.5,2.26,11.77,1.57,0.98,0.65,0.7,0.72,0.18,4.17,2.29,4.99,4.95,16.61,6.73,3.9,0.9,39.55,25.59
"fontane_irrungen_1888_de.txt",1,51692,5.43,2.11,2.76,3.72,0.24,0.24,0.68,0.9,0.27,0.82,1.55,1.73,1.88,3.06,3.09,3.69,5.19,0.91,1.21,0.42,0.78,0.63,0.32,0.4,1.37,2.53,2.06,0.56,0.21,2.11,9.85,1.08,0.8,0.46,0.43,0.56,0.14,3.54,2.13,5.87,4.88,14.5,6.73,2.77,0.7,35.25,28.94
"heiberg_todsunden_1891_de.txt",1,88325,4.85,1.89,2.45,3.64,0.52,0.55,0.94,1.17,0.18,0.74,2.41,2.35,1.85,2.92,2.83,3.28,4.63,0.98,1.13,0.51,1.13,0.52,0.34,0.21,1.34,2.58,2.22,0.56,0.45,2.5,10.46,1.66,0.61,0.45,0.75,0.81,0.24,4.5,2.2,4.46,5.65,15.58,7.15,3.47,1.05,39.6,27.05
"heiberg_charaktere_1901_de.txt",1,61758,4.96,1.8,2.39,3.77,0.36,0.41,0.76,1.34,0.27,0.89,2.76,2.53,2,3.05,2.77,3.58,4.67,0.68,0.95,0.42,0.76,0.42,0.25,0.18,1.73,2.92,2.47,0.69,0.4,2.3,9.79,2.26,0.6,0.36,0.98,0.83,0.1,5.26,1.61,4.61,5.3,14.14,8.21,4.2,0.93,39.65,27.75
"bonsels_maja_1912_de.txt",1,36675,4.86,1.71,2.73,4.33,0.71,0.64,1.11,0.12,0.17,0.24,1.14,2.37,1.76,2.69,3.47,3.27,4.08,1.72,1.93,0.65,1.5,0.44,0.31,0.31,0.8,3.2,2.75,0.53,0.53,2.46,11.23,0.92,0.74,0.2,0.26,0.37,0.37,1.67,2.56,5.42,6.79,17.99,7.81,2.12,0.74,39.68,26.94
"flaubert_november_1842_fra.txt",1,30412,3.45,1.14,2.42,4.81,0.46,0.59,1.44,0.48,0.27,0.34,1.15,2.38,1.81,2.2,2.91,2.57,3.27,1.72,1.01,1.09,2.72,0.7,1.07,0.45,1.4,2.74,1.21,0.46,0.27,2.91,11.56,0.95,1.17,0.4,0.55,0.69,0.48,2.24,4.94,4.95,7.3,18.29,6.08,3.07,1.17,43.09,22.15
"kafka_schloss_1925_de.txt",1,109536,6.7,2.58,3.16,3.05,0.46,0.46,1.01,0.52,0.22,0.26,2.27,2.4,2.06,3.84,4.21,4.52,6.23,1,1.57,0.37,0.92,0.39,0.16,0.21,1.51,3.12,1.94,0.49,0.5,2.15,10.02,2.1,0.54,0.62,0.41,0.39,0.05,3.27,1.68,6.34,4.98,15.11,7.56,3.67,0.44,36.71,35.7
"kafka_bau_1928_de.txt",1,12930,6.58,2.38,3.5,3.54,0.5,0.4,0.76,0,0.19,0,0.39,2.84,1.89,4.18,5,5.01,6.51,0.63,1.03,0.33,0.9,0.47,0.14,0.21,0.32,3.5,1.82,0.67,0.97,2.14,12.5,2.6,0.8,0.22,0.32,0.25,0.12,0.58,1.72,7.4,5.2,16.63,7.28,3.94,0.37,35.72,37.89
"mann_tonio_1903_de.txt",1,21416,3.94,1.42,2.26,3.83,0.46,0.51,1.19,0.45,0.24,0.23,3.15,1.84,1.8,2.1,2.55,2.84,3.54,1.42,1.07,0.86,1.74,0.62,0.5,0.54,1.03,2.63,1.53,0.42,0.32,2.49,11.06,1.67,1.33,0.51,0.37,0.65,0.15,4.07,3.4,4.98,5.99,16.9,5.93,3.88,0.8,40.97,22.29
"bierbaum_stilpe_1897_de.txt",1,59415,4.98,1.99,2.71,3.61,0.32,0.67,0.84,0.27,0.25,0.43,2.65,1.97,2.33,3.03,2.76,3.46,4.61,0.79,1.14,0.58,1,0.59,0.43,0.56,1.01,2.87,1.89,0.38,0.53,1.79,8.97,2.12,1.23,0.26,0.5,0.82,0.15,3.6,2.58,5.69,5.44,13.27,6.68,4.11,0.97,36.65,27.84
"walser_jakob_1909_de.txt",1,42290,5.79,2.07,3.67,4.63,0.45,0.81,0.96,0.37,0.17,0.26,1.93,2.49,2.21,2.84,4.4,4.06,4.03,1.15,1.31,0.64,1.37,0.67,0.35,0.39,1.92,2.91,2.39,0.45,0.37,1.82,9.77,1.69,0.85,0.38,0.6,0.89,0.22,2.73,2.78,6.26,6.85,14.69,8.04,3.52,1.11,39.72,31.56
"kraft_medizinmann_1896_de.txt",1,6940,4.84,1.92,2.42,2.65,0.42,0.81,0.58,0.89,0.24,0.27,2.81,1.56,1.74,2.84,2.58,3.03,4.57,1.15,0.86,0.42,1.38,0.71,0.19,0.32,1.46,2.51,2.03,0.4,0.66,3.36,11.33,1.37,0.58,0.52,0.37,0.35,0.56,4.21,2.6,5.25,4.46,17.12,7.06,2.84,0.91,39.2,25.5
"akunian_bittersuess_1891_de.txt",1,51138,4.67,1.91,2.15,3.73,0.45,0.47,1.22,0.81,0.4,0.51,2.75,1.76,1.99,2.28,2.49,3.15,4.09,1.51,1.71,0.65,1.87,0.73,0.32,0.43,1.34,2.32,1.62,0.33,0.32,2.45,9.81,1.08,1.05,0.55,0.44,0.4,0.17,4.47,3.35,4.39,5.87,16.13,5.93,3.12,0.57,39.44,24.49
"flaubert_salambo_1863_fra.txt",1,100414,3.12,0.9,1.95,2.17,0.51,0.85,0.83,0.36,0.09,0.17,1.8,1.11,1.56,1.6,1.79,2.05,2.74,1.1,0.82,0.62,2.11,0.5,0.32,0.45,0.62,2.61,2.07,0.32,0.43,2.93,13.21,1.21,0.9,0.2,0.49,0.84,0.5,2.42,3.38,4.52,4.36,18.68,6.05,2.8,1.34,39.03,16.82
"kafka_strafkolonie_1919_de.txt",1,10303,5,1.94,2.66,2.15,0.4,0.41,0.62,0.28,0.17,0.14,2.53,2.41,1.79,3.05,2.81,3.7,4.62,1.49,1.46,0.41,1.99,0.43,0.19,0.16,0.82,2.89,3.4,0.41,0.41,3.57,9.85,2.05,1.57,0.3,0.31,0.21,0.23,3.12,2.77,5.38,3.58,16.78,7.93,4.23,0.44,38.85,27.98
"strindberg_magd_1921_sca.txt",1,110064,3.97,1.93,2.13,3.43,0.43,0.72,0.95,1.17,0.49,0.44,4.02,2.16,2.07,2.82,2.43,3.13,4.87,0.85,0.81,0.54,0.96,0.86,0.32,0.43,1.56,3.04,2.42,0.44,0.47,2.22,10.11,3.11,1.34,0.56,0.65,0.96,0.24,6.12,2.57,5.43,5.53,14.53,7.93,5.66,1.2,43.54,25.51
"meyer_richterin_1885_de.txt",1,22446,2.41,1.69,1.16,3.03,0.55,0.76,0.86,1.16,0.24,0.9,2.49,1.51,1.57,1.5,1.58,2.45,3.39,1.11,1.53,0.49,2.13,0.33,0.34,0.3,1.4,2.05,1.76,0.33,0.31,2.55,9.47,1.03,0.59,0.19,0.5,1.22,0.36,4.79,3.1,4.13,5.2,15.15,5.85,2.31,1.58,37.98,17.26
"flaubert_schlichtes_1877_fra.txt",1,11516,2.59,1.01,1.88,2.3,0.39,0.43,0.89,1,0.18,1.12,1.85,1.24,1.29,1.21,1.78,1.83,2.69,1.09,1.01,0.43,2.01,0.71,0.33,0.5,0.71,2.09,2.11,0.28,0.32,3,12.41,1.18,1.17,0.96,0.62,0.92,0.41,4.15,3.55,4.76,4.01,17.94,5.51,3.93,1.33,40.42,15.52
"mann_tristan_1903_de.txt",1,13989,3.75,1.56,2.24,3.62,0.54,0.49,0.81,0.69,0.26,0.51,2.82,1.79,1.71,1.99,2.78,3.07,3.81,1.54,1.52,0.76,2.04,0.79,0.36,0.41,0.93,2.44,2.96,0.34,0.24,2.21,9.72,1.39,1.17,0.56,0.49,1.65,0.19,4.28,3.6,5.3,5.46,15.75,6.91,3.61,1.84,41.45,22.7
"kafka_verwandlung_1915_de.txt",1,19148,6.54,1.97,2.88,3.02,0.48,0.44,1.06,2.1,0.68,1.29,3.18,2.08,1.83,3.31,3.43,3.69,5.41,1.07,1.35,0.52,1.52,0.5,0.2,0.55,2.35,3.02,1.85,0.39,0.46,2.87,12.2,1.54,0.97,1.61,0.52,0.38,0.13,7.25,2.77,4.95,5,18.01,8.07,4.64,0.51,46.25,31.14
"raabe_stopfkuchen_1891_de.txt",1,63439,5.65,1.67,2.35,3.42,0.2,0.45,0.74,0.83,0.37,0.46,1.97,1.89,1.93,2.3,2.82,3.23,4.69,0.78,1.12,0.39,1.19,0.82,0.26,0.42,1.87,2.46,1.66,0.4,0.19,1.89,11.4,1.07,0.64,0.35,0.46,0.84,0.23,3.63,2.69,5.18,4.81,15.58,6.58,2.52,1.07,36.88,26.53
"bonsels_indien_1916_de.txt",1,67648,3.63,1.36,1.95,3.67,0.51,0.66,0.88,0.24,0.17,0.16,1.26,2.76,1.7,1.97,2.81,2.48,4.07,1.55,0.92,0.64,1.47,0.53,0.29,0.32,1.31,3.01,2.16,0.49,0.58,2.21,11.76,1.52,0.94,0.32,0.44,0.75,0.4,1.83,2.61,5.04,5.72,17.08,7.55,3.22,1.15,39.16,22.73
"walser_kleine_1914_de.txt",1,42141,3.95,1.45,2.57,6.61,0.34,0.45,1.05,0.63,0.38,0.47,1.56,1.87,2.21,1.9,2.68,2.99,3.24,2.06,1.04,1.08,1.4,0.65,0.66,0.6,1.21,3.04,2.02,0.47,0.32,2.29,11.59,1.2,1.42,0.5,0.61,0.68,0.22,3.04,3.31,5.22,8.45,18.06,7.06,3.73,0.9,44.55,22.86
"polenz_buettnerbauer_1895_de.txt",1,122688,4.38,1.68,2.49,3.29,0.33,0.42,0.68,1.28,0.32,0.54,3.56,1.91,1.78,2.26,2.7,3.02,3.58,1.05,0.88,0.46,1.19,0.65,0.24,0.39,1.34,2.79,1.86,0.43,0.36,2.28,10.92,1.91,0.77,0.5,1.01,0.58,0.14,5.7,2.47,4.63,4.72,15.59,6.78,4.19,0.72,40.17,23.8
